relative_path	size_bytes	sha256	category	provenance_original_path	purpose
.gitignore	140	dcfaa6005cd3fb41bdc82f166965edee52a52fa8605a8134cebc05ebc70336ab	code/config/data	generated_or_release_local	release file
CITATION.cff	329	1a5fadd1e0f49d76a9d3848b758bf122cf637537609fc006b7fb097c27db5747	code/config/data	generated_or_release_local	release file
LICENSE	1072	c4102586bcfe9b961c059cd6531f64a364ee4879ff8023ce4132511e741cd79a	code/config/data	generated_or_release_local	release file
README.md	5557	feb0a4050a56686644ca3d6c6545a6e763e8236658912923542141b1cab721bf	code/config/data	generated_or_release_local	release file
configs/axisA_paper1_config.json	2162	d17b7080926b6add366783dc69858cbab61a350878123f9e00174d91d94d1eb8	config	generated	Release-local Axis A path map
data/README.md	471	9766b0f0840eb017c4d551b7d5d68fb8405e65c9530eb1295fd46eac39654eba	code/config/data	generated_or_release_local	release file
data/derived_features/CT/external/merged_homogeneous/radiomics_CT_FK.csv	168182	f0b88015c6d120c4c68e200c64a0124d49c6cf496e21965d17557ca56ad58d1d	derived_feature_csv	<ORIGINAL_PROJECT_ROOT>/results/CTexvalready/merged_homogeneous/radiomics_CT_FK.csv	Final Paper 1 Axis A B/OFF N/OFF C/OFF derived radiomic features; dropped privacy-redundant columns ['patient_id_original', 'ID']
data/derived_features/CT/external/merged_homogeneous/radiomics_CT_NR.csv	169548	f0b72a7d36607f757adb2d2a65d488ff87e711aa2df0a65237545614f7dd06d4	derived_feature_csv	<ORIGINAL_PROJECT_ROOT>/results/CTexvalready/merged_homogeneous/radiomics_CT_NR.csv	Final Paper 1 Axis A B/OFF N/OFF C/OFF derived radiomic features; dropped privacy-redundant columns ['patient_id_original', 'ID']
data/derived_features/CT/external/merged_homogeneous/radiomics_CT_RS.csv	168735	47e81ae515900709f8fd9930e834b29cae9d9a0d9d276ebf5d20602777238fa2	derived_feature_csv	<ORIGINAL_PROJECT_ROOT>/results/CTexvalready/merged_homogeneous/radiomics_CT_RS.csv	Final Paper 1 Axis A B/OFF N/OFF C/OFF derived radiomic features; dropped privacy-redundant columns ['patient_id_original', 'ID']
data/derived_features/CT/external/merged_homogeneous/radiomics_CT_VS.csv	169517	cffa105f755d3718cb85d427e8762994067a161fb73727f76fff2ae7e93d3348	derived_feature_csv	<ORIGINAL_PROJECT_ROOT>/results/CTexvalready/merged_homogeneous/radiomics_CT_VS.csv	Final Paper 1 Axis A B/OFF N/OFF C/OFF derived radiomic features; dropped privacy-redundant columns ['patient_id_original', 'ID']
data/derived_features/CT/internal/merged_homogeneous/radiomics_CT_FK.csv	2384290	ec89d7a04817ce9712c93c3cec44869b4d9b85e2c83724f2f97910e2edd122af	derived_feature_csv	<ORIGINAL_PROJECT_ROOT>/results/ready/merged_homogeneous/radiomics_fake_exp_merged.csv	Final Paper 1 Axis A B/OFF N/OFF C/OFF derived radiomic features
data/derived_features/CT/internal/merged_homogeneous/radiomics_CT_NR.csv	2399569	3e1058cef17ef6295be3629ce96c6547be4c8ca186ec2b5ff606ae7e155b3c19	derived_feature_csv	<ORIGINAL_PROJECT_ROOT>/results/ready/merged_homogeneous/radiomics_no_resample_exp_merged.csv	Final Paper 1 Axis A B/OFF N/OFF C/OFF derived radiomic features
data/derived_features/CT/internal/merged_homogeneous/radiomics_CT_RS.csv	2381982	566490edecc43a7e84f39f83311bac18dd5f916f8da40d4c1a374b2cfd9f9679	derived_feature_csv	<ORIGINAL_PROJECT_ROOT>/results/ready/merged_homogeneous/radiomics_resample_exp_merged.csv	Final Paper 1 Axis A B/OFF N/OFF C/OFF derived radiomic features
data/derived_features/CT/internal/merged_homogeneous/radiomics_CT_VS.csv	2399416	bdfc538264374e9502c74d4c31eaf7875acff84af628d5fa1cb4663e42bd5413	derived_feature_csv	<ORIGINAL_PROJECT_ROOT>/results/ready/merged_homogeneous/radiomics_VS_exp_merged.csv	Final Paper 1 Axis A B/OFF N/OFF C/OFF derived radiomic features
data/derived_features/MRI/external/merged_homogeneous/radiomics_MRI_FK.csv	234194	9759bfceefcc51fa93b6eb7932aa5adc412fa1c7a17f346b9453d5d62c7eafe3	derived_feature_csv	<ORIGINAL_PROJECT_ROOT>/results/MRIexvalready/merged_homogeneous/radiomics_MRI_FK.csv	Final Paper 1 Axis A B/OFF N/OFF C/OFF derived radiomic features; dropped privacy-redundant columns ['patient_id_original', 'ID', 'patient_id_short']
data/derived_features/MRI/external/merged_homogeneous/radiomics_MRI_NR.csv	235434	367b257da9d4b7a7fb6a3f6030da3379717698586b378d576180d836ba7d52d2	derived_feature_csv	<ORIGINAL_PROJECT_ROOT>/results/MRIexvalready/merged_homogeneous/radiomics_MRI_NR.csv	Final Paper 1 Axis A B/OFF N/OFF C/OFF derived radiomic features; dropped privacy-redundant columns ['patient_id_original', 'ID', 'patient_id_short']
data/derived_features/MRI/external/merged_homogeneous/radiomics_MRI_RS.csv	234253	1e76c382ca634ca3e82ddd333570706cba9f554b0f7bbe28d79f56b265f738e0	derived_feature_csv	<ORIGINAL_PROJECT_ROOT>/results/MRIexvalready/merged_homogeneous/radiomics_MRI_RS.csv	Final Paper 1 Axis A B/OFF N/OFF C/OFF derived radiomic features; dropped privacy-redundant columns ['patient_id_original', 'ID', 'patient_id_short']
data/derived_features/MRI/external/merged_homogeneous/radiomics_MRI_VS.csv	235700	3847c0294b215c9ae79244a462e5d4d6e09f01782d13efca97cf8f13611e10f9	derived_feature_csv	<ORIGINAL_PROJECT_ROOT>/results/MRIexvalready/merged_homogeneous/radiomics_MRI_VS.csv	Final Paper 1 Axis A B/OFF N/OFF C/OFF derived radiomic features; dropped privacy-redundant columns ['patient_id_original', 'ID', 'patient_id_short']
data/derived_features/MRI/internal/merged_homogeneous/radiomics_MRI_FK.csv	761867	1e6ec15b91e418eb69457d3cd4f7209753c7806adc8196ee141e3da4fd0ca60d	derived_feature_csv	<ORIGINAL_PROJECT_ROOT>/results/MRIready/merged_homogeneous/radiomics_MRI_NR_fake_merged.csv	Final Paper 1 Axis A B/OFF N/OFF C/OFF derived radiomic features; dropped privacy-redundant columns ['patient_id_short']
data/derived_features/MRI/internal/merged_homogeneous/radiomics_MRI_NR.csv	764638	37c5baee71d1f32b7b0696fafd8169664076be3bb9e67f4540c99d48341db90f	derived_feature_csv	<ORIGINAL_PROJECT_ROOT>/results/MRIready/merged_homogeneous/radiomics_MRI_NR_merged.csv	Final Paper 1 Axis A B/OFF N/OFF C/OFF derived radiomic features; dropped privacy-redundant columns ['patient_id_short']
data/derived_features/MRI/internal/merged_homogeneous/radiomics_MRI_RS.csv	762112	68497160524ba8e743554fb117513c5629ab516e9be48c23ec798eb84c66cfd0	derived_feature_csv	<ORIGINAL_PROJECT_ROOT>/results/MRIready/merged_homogeneous/radiomics_MRI_RS_merged.csv	Final Paper 1 Axis A B/OFF N/OFF C/OFF derived radiomic features; dropped privacy-redundant columns ['patient_id_short']
data/derived_features/MRI/internal/merged_homogeneous/radiomics_MRI_VS.csv	764736	2b363727d5985a657819313c5f1a16db45457512b5ce4fe8ab6c8a10dbb7d00f	derived_feature_csv	<ORIGINAL_PROJECT_ROOT>/results/MRIready/merged_homogeneous/radiomics_MRI_VS_merged.csv	Final Paper 1 Axis A B/OFF N/OFF C/OFF derived radiomic features; dropped privacy-redundant columns ['patient_id_short']
docs/ANALYSIS_MAP.md	2624	ae2a34aee405422aa2fc8ab5472f300886ba63769ce65a9f8b5cce9466e7b789	documentation	generated_or_release_local	release file
docs/AUDIT_REPORT.md	3119	0593f4ad343346f823a4917510b34b77903c7011688320c66d071b33a30fed26	documentation	generated_or_release_local	release file
docs/DATA_DICTIONARY.md	1243	9dc1e02e61a6802dabf68923ab11b5159426fda2bd9dbee5544aeba1c418bd88	documentation	generated_or_release_local	release file
docs/PROVENANCE_INPUTS.tsv	55635	4fb876c17d1f57177a8b237f278e2017cd04ca24a36eed5d21c3f7c5b214e3e3	documentation	generated_or_release_local	release file
docs/REPRODUCIBILITY.md	743	fdec5d786bd984ebb2965d7d7666da97e24ceecf1601cf420e598d202f0040f2	documentation	generated_or_release_local	release file
docs/REPRODUCIBILITY_CHECK.md	1968	54d93d4510452d3eaf89aa250ba0338b8958f93a914d1c5925b1d6adf8f4bcf2	documentation	generated_or_release_local	release file
environment_notes.md	673	4727b8b0f969bbac15bf0e16eee3c49cec653e9f412f28574e51b3e46169ba3a	code/config/data	generated_or_release_local	release file
git_status_before.txt	193	c70d44e4f0f5d997ebdfb6aa93f2cf562d46adaa0e8d5865cec8744721670578	code/config/data	generated_or_release_local	release file
requirements.txt	206	ae7110d5489b65a2d0bda42dea74c9086b9c67fda7444ba8340322b639f7f7bb	code/config/data	generated_or_release_local	release file
results/README.md	245	eefdbd5b3c1996271918587ab69f01559bc00cf4c8ebdf473a9663270f1f38ed	code/config/data	generated_or_release_local	release file
results/reference_outputs/bootstrap/axisA_auc_bootstrap_ci.csv	21037	6f515e62ea01da8cd6e7a79ee0699b9104d34783a5e73491861e1baa7719f060	reference_output	<ORIGINAL_PROJECT_ROOT>/study_results/axisA_bootstrap_auc_ci_NUEVOS_axisA_only/axisA_auc_bootstrap_ci.csv	Final bootstrap AUC CI/delta reference output
results/reference_outputs/bootstrap/axisA_auc_paired_differences.csv	9968	90a0708efff973eddbfe961a82a1b200c35579c5b03ea57d588448cc172ba4f5	reference_output	<ORIGINAL_PROJECT_ROOT>/study_results/axisA_bootstrap_auc_ci_NUEVOS_axisA_only/axisA_auc_paired_differences.csv	Final bootstrap AUC CI/delta reference output
results/reference_outputs/bootstrap/bootstrap_auc_ci.py	35882	6b28968839cde58557fc14ba77a6feb2180f39cdea6eccc77d1c0cc50fc6e9ef	reference_output	<ORIGINAL_PROJECT_ROOT>/study_results/axisA_bootstrap_auc_ci_NUEVOS_axisA_only/bootstrap_auc_ci.py	Final bootstrap AUC CI/delta reference output
results/reference_outputs/bootstrap/paired_auc_manuscript_summary.csv	5526	02fc82a44ac3dccc97588d936c33c0f4ba0e9a5bf6449a37dbc1a91352b2d754	reference_output	<ORIGINAL_PROJECT_ROOT>/study_results/axisA_bootstrap_auc_ci_NUEVOS_axisA_only/paired_auc_manuscript_summary.csv	Final bootstrap AUC CI/delta reference output
results/reference_outputs/bootstrap/paired_auc_manuscript_summary.md	7070	9778d521a60ebb4a1bab6355fb04e6b62b8771ce14b98a40c6efb5efb2a37204	reference_output	<ORIGINAL_PROJECT_ROOT>/study_results/axisA_bootstrap_auc_ci_NUEVOS_axisA_only/paired_auc_manuscript_summary.md	Final bootstrap AUC CI/delta reference output
results/reference_outputs/external_validation/CT_MLP_common_neutral/CT_axisA_common_neutral_mlp/external_metrics__bundle__LR__A-FK__B-OFF__N-OFF__C-OFF.json	967	a0ccf6673ca4ce89ba939499b430dd4bad556322d4b7f3d6ae3c7183710595b5	reference_output	<ORIGINAL_PROJECT_ROOT>/study_results/NUEVOS/extvalidation/CT_MLP_common_neutral/CT_axisA_common_neutral_mlp/external_metrics__bundle__LR__A-FK__B-OFF__N-OFF__C-OFF.json	Final CT external prediction/metric output
results/reference_outputs/external_validation/CT_MLP_common_neutral/CT_axisA_common_neutral_mlp/external_metrics__bundle__LR__A-NR__B-OFF__N-OFF__C-OFF.json	967	fc8d6e4f6c808c9369108d2c8e533bf2addbfa709bab7d7699e9af47c41b1474	reference_output	<ORIGINAL_PROJECT_ROOT>/study_results/NUEVOS/extvalidation/CT_MLP_common_neutral/CT_axisA_common_neutral_mlp/external_metrics__bundle__LR__A-NR__B-OFF__N-OFF__C-OFF.json	Final CT external prediction/metric output
results/reference_outputs/external_validation/CT_MLP_common_neutral/CT_axisA_common_neutral_mlp/external_metrics__bundle__LR__A-RS__B-OFF__N-OFF__C-OFF.json	983	be0ca1805094e8a825a3fb0fbbf727d1fc8461fa40331683fe6c23476ab7ea75	reference_output	<ORIGINAL_PROJECT_ROOT>/study_results/NUEVOS/extvalidation/CT_MLP_common_neutral/CT_axisA_common_neutral_mlp/external_metrics__bundle__LR__A-RS__B-OFF__N-OFF__C-OFF.json	Final CT external prediction/metric output
results/reference_outputs/external_validation/CT_MLP_common_neutral/CT_axisA_common_neutral_mlp/external_metrics__bundle__LR__A-VS__B-OFF__N-OFF__C-OFF.json	968	a0d2f224119bdab8153c7d3a999ee6062a6ce5e09a504b44d0e2ce0b5c29ce8c	reference_output	<ORIGINAL_PROJECT_ROOT>/study_results/NUEVOS/extvalidation/CT_MLP_common_neutral/CT_axisA_common_neutral_mlp/external_metrics__bundle__LR__A-VS__B-OFF__N-OFF__C-OFF.json	Final CT external prediction/metric output
results/reference_outputs/external_validation/CT_MLP_common_neutral/CT_axisA_common_neutral_mlp/external_metrics__bundle__MLP__A-FK__B-OFF__N-OFF__C-OFF.json	985	8afd018203055a8797bb2adf01937ee2498f56795ffb155f0be83b84ae98d7cc	reference_output	<ORIGINAL_PROJECT_ROOT>/study_results/NUEVOS/extvalidation/CT_MLP_common_neutral/CT_axisA_common_neutral_mlp/external_metrics__bundle__MLP__A-FK__B-OFF__N-OFF__C-OFF.json	Final CT external prediction/metric output
results/reference_outputs/external_validation/CT_MLP_common_neutral/CT_axisA_common_neutral_mlp/external_metrics__bundle__MLP__A-NR__B-OFF__N-OFF__C-OFF.json	984	65b1394eae3a5ae92cfe26e2a991b54134b23f046f06aa1bb4a160bec8effbbf	reference_output	<ORIGINAL_PROJECT_ROOT>/study_results/NUEVOS/extvalidation/CT_MLP_common_neutral/CT_axisA_common_neutral_mlp/external_metrics__bundle__MLP__A-NR__B-OFF__N-OFF__C-OFF.json	Final CT external prediction/metric output
results/reference_outputs/external_validation/CT_MLP_common_neutral/CT_axisA_common_neutral_mlp/external_metrics__bundle__MLP__A-RS__B-OFF__N-OFF__C-OFF.json	970	fd2541777b508a06140f575aa488a909196a94e1881c4fc74ac8b07e20f087bf	reference_output	<ORIGINAL_PROJECT_ROOT>/study_results/NUEVOS/extvalidation/CT_MLP_common_neutral/CT_axisA_common_neutral_mlp/external_metrics__bundle__MLP__A-RS__B-OFF__N-OFF__C-OFF.json	Final CT external prediction/metric output
results/reference_outputs/external_validation/CT_MLP_common_neutral/CT_axisA_common_neutral_mlp/external_metrics__bundle__MLP__A-VS__B-OFF__N-OFF__C-OFF.json	984	0561c2aa8d4fd11364356c923fbb33967ce957efdeafe9ae68c80a857fe9fe89	reference_output	<ORIGINAL_PROJECT_ROOT>/study_results/NUEVOS/extvalidation/CT_MLP_common_neutral/CT_axisA_common_neutral_mlp/external_metrics__bundle__MLP__A-VS__B-OFF__N-OFF__C-OFF.json	Final CT external prediction/metric output
results/reference_outputs/external_validation/CT_MLP_common_neutral/CT_axisA_common_neutral_mlp/external_metrics__bundle__XGB__A-FK__B-OFF__N-OFF__C-OFF.json	984	75118699ba3099ab7157a72af4b7d91ce2a0a45d19cf011a7ab308505551418c	reference_output	<ORIGINAL_PROJECT_ROOT>/study_results/NUEVOS/extvalidation/CT_MLP_common_neutral/CT_axisA_common_neutral_mlp/external_metrics__bundle__XGB__A-FK__B-OFF__N-OFF__C-OFF.json	Final CT external prediction/metric output
results/reference_outputs/external_validation/CT_MLP_common_neutral/CT_axisA_common_neutral_mlp/external_metrics__bundle__XGB__A-NR__B-OFF__N-OFF__C-OFF.json	984	a1d6c0137a81e713be774f7d3db1d6a6e030825ba3e707e91c163409c078a337	reference_output	<ORIGINAL_PROJECT_ROOT>/study_results/NUEVOS/extvalidation/CT_MLP_common_neutral/CT_axisA_common_neutral_mlp/external_metrics__bundle__XGB__A-NR__B-OFF__N-OFF__C-OFF.json	Final CT external prediction/metric output
results/reference_outputs/external_validation/CT_MLP_common_neutral/CT_axisA_common_neutral_mlp/external_metrics__bundle__XGB__A-RS__B-OFF__N-OFF__C-OFF.json	974	e3f8e9fbd7f0cc905be75c7cec862d1f0a0666340a7053e142063218f43563a3	reference_output	<ORIGINAL_PROJECT_ROOT>/study_results/NUEVOS/extvalidation/CT_MLP_common_neutral/CT_axisA_common_neutral_mlp/external_metrics__bundle__XGB__A-RS__B-OFF__N-OFF__C-OFF.json	Final CT external prediction/metric output
results/reference_outputs/external_validation/CT_MLP_common_neutral/CT_axisA_common_neutral_mlp/external_metrics__bundle__XGB__A-VS__B-OFF__N-OFF__C-OFF.json	982	a73ecc775f864a50f256b50618593e1f59984d289b9bbca8fa85c2fb99786ac2	reference_output	<ORIGINAL_PROJECT_ROOT>/study_results/NUEVOS/extvalidation/CT_MLP_common_neutral/CT_axisA_common_neutral_mlp/external_metrics__bundle__XGB__A-VS__B-OFF__N-OFF__C-OFF.json	Final CT external prediction/metric output
results/reference_outputs/external_validation/CT_MLP_common_neutral/CT_axisA_common_neutral_mlp/external_predictions__bundle__LR__A-FK__B-OFF__N-OFF__C-OFF.csv	2796	fde671e256119d67938801ef7a48323884b24759b797e7071a74d3393e630287	reference_output	<ORIGINAL_PROJECT_ROOT>/study_results/NUEVOS/extvalidation/CT_MLP_common_neutral/CT_axisA_common_neutral_mlp/external_predictions__bundle__LR__A-FK__B-OFF__N-OFF__C-OFF.csv	Final CT external prediction/metric output
results/reference_outputs/external_validation/CT_MLP_common_neutral/CT_axisA_common_neutral_mlp/external_predictions__bundle__LR__A-NR__B-OFF__N-OFF__C-OFF.csv	2796	65e18251d07a85f43016c6b68fa598c239412450a8691b5162b3335eced1daa9	reference_output	<ORIGINAL_PROJECT_ROOT>/study_results/NUEVOS/extvalidation/CT_MLP_common_neutral/CT_axisA_common_neutral_mlp/external_predictions__bundle__LR__A-NR__B-OFF__N-OFF__C-OFF.csv	Final CT external prediction/metric output
results/reference_outputs/external_validation/CT_MLP_common_neutral/CT_axisA_common_neutral_mlp/external_predictions__bundle__LR__A-RS__B-OFF__N-OFF__C-OFF.csv	2779	48afa66618b422de4121db1ce3a8805186299d4e5815351b0cb971c14a65eb9c	reference_output	<ORIGINAL_PROJECT_ROOT>/study_results/NUEVOS/extvalidation/CT_MLP_common_neutral/CT_axisA_common_neutral_mlp/external_predictions__bundle__LR__A-RS__B-OFF__N-OFF__C-OFF.csv	Final CT external prediction/metric output
results/reference_outputs/external_validation/CT_MLP_common_neutral/CT_axisA_common_neutral_mlp/external_predictions__bundle__LR__A-VS__B-OFF__N-OFF__C-OFF.csv	2795	9c6e4bfbd3b90ba8dd72b3f6a7df467a8a252279e9cfe7e1c2b35c99cf9c30bf	reference_output	<ORIGINAL_PROJECT_ROOT>/study_results/NUEVOS/extvalidation/CT_MLP_common_neutral/CT_axisA_common_neutral_mlp/external_predictions__bundle__LR__A-VS__B-OFF__N-OFF__C-OFF.csv	Final CT external prediction/metric output
results/reference_outputs/external_validation/CT_MLP_common_neutral/CT_axisA_common_neutral_mlp/external_predictions__bundle__MLP__A-FK__B-OFF__N-OFF__C-OFF.csv	2441	0adaf196016b37abaff7f5ae24574f14a1fde17505932c76fef806e610572f5f	reference_output	<ORIGINAL_PROJECT_ROOT>/study_results/NUEVOS/extvalidation/CT_MLP_common_neutral/CT_axisA_common_neutral_mlp/external_predictions__bundle__MLP__A-FK__B-OFF__N-OFF__C-OFF.csv	Final CT external prediction/metric output
results/reference_outputs/external_validation/CT_MLP_common_neutral/CT_axisA_common_neutral_mlp/external_predictions__bundle__MLP__A-NR__B-OFF__N-OFF__C-OFF.csv	2441	b2f84d550f75f3cb413e4e6ace0ecddafcda0533d09aab502d9382f0d0f045a3	reference_output	<ORIGINAL_PROJECT_ROOT>/study_results/NUEVOS/extvalidation/CT_MLP_common_neutral/CT_axisA_common_neutral_mlp/external_predictions__bundle__MLP__A-NR__B-OFF__N-OFF__C-OFF.csv	Final CT external prediction/metric output
results/reference_outputs/external_validation/CT_MLP_common_neutral/CT_axisA_common_neutral_mlp/external_predictions__bundle__MLP__A-RS__B-OFF__N-OFF__C-OFF.csv	2433	8c8d02e26bdf10da075ef87a94763b139da227a6e9a98f902f5e6e4732110ac7	reference_output	<ORIGINAL_PROJECT_ROOT>/study_results/NUEVOS/extvalidation/CT_MLP_common_neutral/CT_axisA_common_neutral_mlp/external_predictions__bundle__MLP__A-RS__B-OFF__N-OFF__C-OFF.csv	Final CT external prediction/metric output
results/reference_outputs/external_validation/CT_MLP_common_neutral/CT_axisA_common_neutral_mlp/external_predictions__bundle__MLP__A-VS__B-OFF__N-OFF__C-OFF.csv	2441	9833421d7e9c3898c466445639b635b4cae510db3ca687bbbff0d423d3de4f0a	reference_output	<ORIGINAL_PROJECT_ROOT>/study_results/NUEVOS/extvalidation/CT_MLP_common_neutral/CT_axisA_common_neutral_mlp/external_predictions__bundle__MLP__A-VS__B-OFF__N-OFF__C-OFF.csv	Final CT external prediction/metric output
results/reference_outputs/external_validation/CT_MLP_common_neutral/CT_axisA_common_neutral_mlp/external_predictions__bundle__XGB__A-FK__B-OFF__N-OFF__C-OFF.csv	2436	8a6af265580297b6dc5529a52cd80302176d0b610a4afa5f980cce471d3df0b8	reference_output	<ORIGINAL_PROJECT_ROOT>/study_results/NUEVOS/extvalidation/CT_MLP_common_neutral/CT_axisA_common_neutral_mlp/external_predictions__bundle__XGB__A-FK__B-OFF__N-OFF__C-OFF.csv	Final CT external prediction/metric output
results/reference_outputs/external_validation/CT_MLP_common_neutral/CT_axisA_common_neutral_mlp/external_predictions__bundle__XGB__A-NR__B-OFF__N-OFF__C-OFF.csv	2436	553c55a2fde3f3928f3d2915e82daf16bccaf10c9bb753215f6ea5e1eb3d65f1	reference_output	<ORIGINAL_PROJECT_ROOT>/study_results/NUEVOS/extvalidation/CT_MLP_common_neutral/CT_axisA_common_neutral_mlp/external_predictions__bundle__XGB__A-NR__B-OFF__N-OFF__C-OFF.csv	Final CT external prediction/metric output
results/reference_outputs/external_validation/CT_MLP_common_neutral/CT_axisA_common_neutral_mlp/external_predictions__bundle__XGB__A-RS__B-OFF__N-OFF__C-OFF.csv	2436	1e42bee8ce0532da438de3583ed328acb8cb621e801d8510453ac6ee7502fd9c	reference_output	<ORIGINAL_PROJECT_ROOT>/study_results/NUEVOS/extvalidation/CT_MLP_common_neutral/CT_axisA_common_neutral_mlp/external_predictions__bundle__XGB__A-RS__B-OFF__N-OFF__C-OFF.csv	Final CT external prediction/metric output
results/reference_outputs/external_validation/CT_MLP_common_neutral/CT_axisA_common_neutral_mlp/external_predictions__bundle__XGB__A-VS__B-OFF__N-OFF__C-OFF.csv	2436	cf394aed761357c153aa8685034c1da4ea246e730c1b94ed79bf93f01cbc8a29	reference_output	<ORIGINAL_PROJECT_ROOT>/study_results/NUEVOS/extvalidation/CT_MLP_common_neutral/CT_axisA_common_neutral_mlp/external_predictions__bundle__XGB__A-VS__B-OFF__N-OFF__C-OFF.csv	Final CT external prediction/metric output
results/reference_outputs/external_validation/CT_MLP_common_neutral/external_validation_summary_all.csv	7150	ba962ea74ce4e902a88f1d3c7920bfad5e7d3328917f009893948f92e61e93ae	reference_output	<ORIGINAL_PROJECT_ROOT>/study_results/NUEVOS/extvalidation/CT_MLP_common_neutral/external_validation_summary_all.csv	Final CT external validation summary
results/reference_outputs/external_validation/MRI_MLP_common_neutral/MRI_axisA_common_neutral_mlp/external_metrics__bundle__LR__A-FK__B-OFF__N-OFF__C-OFF.json	976	0424e8b3175df1582d8cf3258bfb0e24d5f8d68717edd13526b3211d02f9f814	reference_output	<ORIGINAL_PROJECT_ROOT>/study_results/NUEVOS/extvalidation/MRI_MLP_common_neutral/MRI_axisA_common_neutral_mlp/external_metrics__bundle__LR__A-FK__B-OFF__N-OFF__C-OFF.json	Final MRI external prediction/metric output
results/reference_outputs/external_validation/MRI_MLP_common_neutral/MRI_axisA_common_neutral_mlp/external_metrics__bundle__LR__A-NR__B-OFF__N-OFF__C-OFF.json	976	622cc1951800a7068acbc3f23e0ab91026d4622f771f024d03de87e9ab865c3a	reference_output	<ORIGINAL_PROJECT_ROOT>/study_results/NUEVOS/extvalidation/MRI_MLP_common_neutral/MRI_axisA_common_neutral_mlp/external_metrics__bundle__LR__A-NR__B-OFF__N-OFF__C-OFF.json	Final MRI external prediction/metric output
results/reference_outputs/external_validation/MRI_MLP_common_neutral/MRI_axisA_common_neutral_mlp/external_metrics__bundle__LR__A-RS__B-OFF__N-OFF__C-OFF.json	1001	386f22144ddbd9871ace38cad77866e46eaaad12e65f77756baed21e118a6509	reference_output	<ORIGINAL_PROJECT_ROOT>/study_results/NUEVOS/extvalidation/MRI_MLP_common_neutral/MRI_axisA_common_neutral_mlp/external_metrics__bundle__LR__A-RS__B-OFF__N-OFF__C-OFF.json	Final MRI external prediction/metric output
results/reference_outputs/external_validation/MRI_MLP_common_neutral/MRI_axisA_common_neutral_mlp/external_metrics__bundle__LR__A-VS__B-OFF__N-OFF__C-OFF.json	973	91ca8f6189b07a98f749c3a7e418304ebd65a45c760b4e716a14f3a5d654fc76	reference_output	<ORIGINAL_PROJECT_ROOT>/study_results/NUEVOS/extvalidation/MRI_MLP_common_neutral/MRI_axisA_common_neutral_mlp/external_metrics__bundle__LR__A-VS__B-OFF__N-OFF__C-OFF.json	Final MRI external prediction/metric output
results/reference_outputs/external_validation/MRI_MLP_common_neutral/MRI_axisA_common_neutral_mlp/external_metrics__bundle__MLP__A-FK__B-OFF__N-OFF__C-OFF.json	1005	858d4f221e0ddc6611fbae268f13f12083cdefe459c95208f156ada499a96ae6	reference_output	<ORIGINAL_PROJECT_ROOT>/study_results/NUEVOS/extvalidation/MRI_MLP_common_neutral/MRI_axisA_common_neutral_mlp/external_metrics__bundle__MLP__A-FK__B-OFF__N-OFF__C-OFF.json	Final MRI external prediction/metric output
results/reference_outputs/external_validation/MRI_MLP_common_neutral/MRI_axisA_common_neutral_mlp/external_metrics__bundle__MLP__A-NR__B-OFF__N-OFF__C-OFF.json	1005	82b81bf1befff20dfcdc3f46aabc6f02636d3dcdbc9ee716c2394661e849c9e4	reference_output	<ORIGINAL_PROJECT_ROOT>/study_results/NUEVOS/extvalidation/MRI_MLP_common_neutral/MRI_axisA_common_neutral_mlp/external_metrics__bundle__MLP__A-NR__B-OFF__N-OFF__C-OFF.json	Final MRI external prediction/metric output
results/reference_outputs/external_validation/MRI_MLP_common_neutral/MRI_axisA_common_neutral_mlp/external_metrics__bundle__MLP__A-RS__B-OFF__N-OFF__C-OFF.json	1004	f479f3b0b5f070ca97f62f8ccb12ae5758eb20f40cea9e8f39fe384c46efceb0	reference_output	<ORIGINAL_PROJECT_ROOT>/study_results/NUEVOS/extvalidation/MRI_MLP_common_neutral/MRI_axisA_common_neutral_mlp/external_metrics__bundle__MLP__A-RS__B-OFF__N-OFF__C-OFF.json	Final MRI external prediction/metric output
results/reference_outputs/external_validation/MRI_MLP_common_neutral/MRI_axisA_common_neutral_mlp/external_metrics__bundle__MLP__A-VS__B-OFF__N-OFF__C-OFF.json	1009	2ab33f645edc212834aab6dabb767a9d9a0627bb0c409cbbdb0662b8da58c66d	reference_output	<ORIGINAL_PROJECT_ROOT>/study_results/NUEVOS/extvalidation/MRI_MLP_common_neutral/MRI_axisA_common_neutral_mlp/external_metrics__bundle__MLP__A-VS__B-OFF__N-OFF__C-OFF.json	Final MRI external prediction/metric output
results/reference_outputs/external_validation/MRI_MLP_common_neutral/MRI_axisA_common_neutral_mlp/external_metrics__bundle__XGB__A-FK__B-OFF__N-OFF__C-OFF.json	992	25eb101a81d1b7f384cbfddf91ad32b8cd33dbc2d1a69a51c99c784c2ea13816	reference_output	<ORIGINAL_PROJECT_ROOT>/study_results/NUEVOS/extvalidation/MRI_MLP_common_neutral/MRI_axisA_common_neutral_mlp/external_metrics__bundle__XGB__A-FK__B-OFF__N-OFF__C-OFF.json	Final MRI external prediction/metric output
results/reference_outputs/external_validation/MRI_MLP_common_neutral/MRI_axisA_common_neutral_mlp/external_metrics__bundle__XGB__A-NR__B-OFF__N-OFF__C-OFF.json	1005	2d5aea63110d2bfe2d6f27e89d7d269872a96157ed22ac701ddc9dfc8fcf0d11	reference_output	<ORIGINAL_PROJECT_ROOT>/study_results/NUEVOS/extvalidation/MRI_MLP_common_neutral/MRI_axisA_common_neutral_mlp/external_metrics__bundle__XGB__A-NR__B-OFF__N-OFF__C-OFF.json	Final MRI external prediction/metric output
results/reference_outputs/external_validation/MRI_MLP_common_neutral/MRI_axisA_common_neutral_mlp/external_metrics__bundle__XGB__A-RS__B-OFF__N-OFF__C-OFF.json	994	0f01c989b708b70f60a2362900c987601927c69e59523408ba837a24e62021dd	reference_output	<ORIGINAL_PROJECT_ROOT>/study_results/NUEVOS/extvalidation/MRI_MLP_common_neutral/MRI_axisA_common_neutral_mlp/external_metrics__bundle__XGB__A-RS__B-OFF__N-OFF__C-OFF.json	Final MRI external prediction/metric output
results/reference_outputs/external_validation/MRI_MLP_common_neutral/MRI_axisA_common_neutral_mlp/external_metrics__bundle__XGB__A-VS__B-OFF__N-OFF__C-OFF.json	991	bfd6214d3fad8bc08de3c511057ac9cec0bf704d72b6a4db8909b5930c4d72fa	reference_output	<ORIGINAL_PROJECT_ROOT>/study_results/NUEVOS/extvalidation/MRI_MLP_common_neutral/MRI_axisA_common_neutral_mlp/external_metrics__bundle__XGB__A-VS__B-OFF__N-OFF__C-OFF.json	Final MRI external prediction/metric output
results/reference_outputs/external_validation/MRI_MLP_common_neutral/MRI_axisA_common_neutral_mlp/external_predictions__bundle__LR__A-FK__B-OFF__N-OFF__C-OFF.csv	3814	3e5f7ca9d045b5ac4d4e04eddad248abd0b96d9d42da8afc212713eb5ed40ff8	reference_output	<ORIGINAL_PROJECT_ROOT>/study_results/NUEVOS/extvalidation/MRI_MLP_common_neutral/MRI_axisA_common_neutral_mlp/external_predictions__bundle__LR__A-FK__B-OFF__N-OFF__C-OFF.csv	Final MRI external prediction/metric output
results/reference_outputs/external_validation/MRI_MLP_common_neutral/MRI_axisA_common_neutral_mlp/external_predictions__bundle__LR__A-NR__B-OFF__N-OFF__C-OFF.csv	3780	50e673e2a964e9c7b297cb467b7426702ca0600fa8a2a2888913b7a7edb53d4b	reference_output	<ORIGINAL_PROJECT_ROOT>/study_results/NUEVOS/extvalidation/MRI_MLP_common_neutral/MRI_axisA_common_neutral_mlp/external_predictions__bundle__LR__A-NR__B-OFF__N-OFF__C-OFF.csv	Final MRI external prediction/metric output
results/reference_outputs/external_validation/MRI_MLP_common_neutral/MRI_axisA_common_neutral_mlp/external_predictions__bundle__LR__A-RS__B-OFF__N-OFF__C-OFF.csv	3802	dc712cbfea47b23cc845de269320df99dd20e6a7cecb4e14546791b0416aea31	reference_output	<ORIGINAL_PROJECT_ROOT>/study_results/NUEVOS/extvalidation/MRI_MLP_common_neutral/MRI_axisA_common_neutral_mlp/external_predictions__bundle__LR__A-RS__B-OFF__N-OFF__C-OFF.csv	Final MRI external prediction/metric output
results/reference_outputs/external_validation/MRI_MLP_common_neutral/MRI_axisA_common_neutral_mlp/external_predictions__bundle__LR__A-VS__B-OFF__N-OFF__C-OFF.csv	3594	2e432f65a342a2b5ce4a33c811b981ec9695993a366399773e6ec611d0870096	reference_output	<ORIGINAL_PROJECT_ROOT>/study_results/NUEVOS/extvalidation/MRI_MLP_common_neutral/MRI_axisA_common_neutral_mlp/external_predictions__bundle__LR__A-VS__B-OFF__N-OFF__C-OFF.csv	Final MRI external prediction/metric output
results/reference_outputs/external_validation/MRI_MLP_common_neutral/MRI_axisA_common_neutral_mlp/external_predictions__bundle__MLP__A-FK__B-OFF__N-OFF__C-OFF.csv	3311	35df9784bbf8a12b711e0501b91b5b03fdddfd53339c6d0856dc151bf7e7c75d	reference_output	<ORIGINAL_PROJECT_ROOT>/study_results/NUEVOS/extvalidation/MRI_MLP_common_neutral/MRI_axisA_common_neutral_mlp/external_predictions__bundle__MLP__A-FK__B-OFF__N-OFF__C-OFF.csv	Final MRI external prediction/metric output
results/reference_outputs/external_validation/MRI_MLP_common_neutral/MRI_axisA_common_neutral_mlp/external_predictions__bundle__MLP__A-NR__B-OFF__N-OFF__C-OFF.csv	3317	14c533faf51bb9ff704091394392ed985b240f1cdc869eca9319be48cb9bd9f1	reference_output	<ORIGINAL_PROJECT_ROOT>/study_results/NUEVOS/extvalidation/MRI_MLP_common_neutral/MRI_axisA_common_neutral_mlp/external_predictions__bundle__MLP__A-NR__B-OFF__N-OFF__C-OFF.csv	Final MRI external prediction/metric output
results/reference_outputs/external_validation/MRI_MLP_common_neutral/MRI_axisA_common_neutral_mlp/external_predictions__bundle__MLP__A-RS__B-OFF__N-OFF__C-OFF.csv	3312	d455595fe80baa04af40b62a21446df6221b869f636b3659dd3ef645dba6b0eb	reference_output	<ORIGINAL_PROJECT_ROOT>/study_results/NUEVOS/extvalidation/MRI_MLP_common_neutral/MRI_axisA_common_neutral_mlp/external_predictions__bundle__MLP__A-RS__B-OFF__N-OFF__C-OFF.csv	Final MRI external prediction/metric output
results/reference_outputs/external_validation/MRI_MLP_common_neutral/MRI_axisA_common_neutral_mlp/external_predictions__bundle__MLP__A-VS__B-OFF__N-OFF__C-OFF.csv	3214	e36fce8b7129cf7a953f0010dfef38bfe5e223f21d8008cd098d42ccde2fff80	reference_output	<ORIGINAL_PROJECT_ROOT>/study_results/NUEVOS/extvalidation/MRI_MLP_common_neutral/MRI_axisA_common_neutral_mlp/external_predictions__bundle__MLP__A-VS__B-OFF__N-OFF__C-OFF.csv	Final MRI external prediction/metric output
results/reference_outputs/external_validation/MRI_MLP_common_neutral/MRI_axisA_common_neutral_mlp/external_predictions__bundle__XGB__A-FK__B-OFF__N-OFF__C-OFF.csv	3309	84529377bf7f14e959ff4d4f2967568eb86b83d7f34651069eeffeaff8bbea46	reference_output	<ORIGINAL_PROJECT_ROOT>/study_results/NUEVOS/extvalidation/MRI_MLP_common_neutral/MRI_axisA_common_neutral_mlp/external_predictions__bundle__XGB__A-FK__B-OFF__N-OFF__C-OFF.csv	Final MRI external prediction/metric output
results/reference_outputs/external_validation/MRI_MLP_common_neutral/MRI_axisA_common_neutral_mlp/external_predictions__bundle__XGB__A-NR__B-OFF__N-OFF__C-OFF.csv	3313	3c3ab1ab7ccd2becdcfd670b80b4cb4535a429520adf728cb7210dac13a4adc5	reference_output	<ORIGINAL_PROJECT_ROOT>/study_results/NUEVOS/extvalidation/MRI_MLP_common_neutral/MRI_axisA_common_neutral_mlp/external_predictions__bundle__XGB__A-NR__B-OFF__N-OFF__C-OFF.csv	Final MRI external prediction/metric output
results/reference_outputs/external_validation/MRI_MLP_common_neutral/MRI_axisA_common_neutral_mlp/external_predictions__bundle__XGB__A-RS__B-OFF__N-OFF__C-OFF.csv	3316	0cde5dceee7a8e9e6adb4c235b55541d8b0d32764a088357712ad325feccd567	reference_output	<ORIGINAL_PROJECT_ROOT>/study_results/NUEVOS/extvalidation/MRI_MLP_common_neutral/MRI_axisA_common_neutral_mlp/external_predictions__bundle__XGB__A-RS__B-OFF__N-OFF__C-OFF.csv	Final MRI external prediction/metric output
results/reference_outputs/external_validation/MRI_MLP_common_neutral/MRI_axisA_common_neutral_mlp/external_predictions__bundle__XGB__A-VS__B-OFF__N-OFF__C-OFF.csv	3295	8eef48c457f24df73ab447dac339a8b23b009bb319720d2c9a3d4a97c31df8c9	reference_output	<ORIGINAL_PROJECT_ROOT>/study_results/NUEVOS/extvalidation/MRI_MLP_common_neutral/MRI_axisA_common_neutral_mlp/external_predictions__bundle__XGB__A-VS__B-OFF__N-OFF__C-OFF.csv	Final MRI external prediction/metric output
results/reference_outputs/external_validation/MRI_MLP_common_neutral/external_validation_summary_all.csv	7349	f5dd67f577f65885b911487ccad89601217ecc23aa8b4fc4a4ddf2abd6b0863f	reference_output	<ORIGINAL_PROJECT_ROOT>/study_results/NUEVOS/extvalidation/MRI_MLP_common_neutral/external_validation_summary_all.csv	Final MRI external validation summary
results/reference_outputs/feature_selection/ensemble_MRI_relax/master_arm_summary.csv	3497	b1cbff5c7d06b4740f8d854c2e5f0f681bb658fac70934ced58a78f944ed807b	reference_output	<ORIGINAL_PROJECT_ROOT>/study_results/NUEVOS/ENSEMBLE/ensemble_MRI_relax/master_arm_summary.csv	Auxiliary recurrence final output/config
results/reference_outputs/feature_selection/ensemble_MRI_relax/rankings_per_arm/arm_ranking_A-FK_B-OFF_N-OFF_C-OFF.csv	13365	647e56c55d01c0c614e63818cfad5dc712e886020001a50b96b33aa09a05f046	reference_output	<ORIGINAL_PROJECT_ROOT>/study_results/NUEVOS/ENSEMBLE/ensemble_MRI_relax/rankings_per_arm/arm_ranking_A-FK_B-OFF_N-OFF_C-OFF.csv	Auxiliary recurrence per-arm ranking
results/reference_outputs/feature_selection/ensemble_MRI_relax/rankings_per_arm/arm_ranking_A-NR_B-OFF_N-OFF_C-OFF.csv	13343	54c6c854a8012bfd522d3c363a745dea3b54b59273f3b9d8b7c62bedcaaf97b7	reference_output	<ORIGINAL_PROJECT_ROOT>/study_results/NUEVOS/ENSEMBLE/ensemble_MRI_relax/rankings_per_arm/arm_ranking_A-NR_B-OFF_N-OFF_C-OFF.csv	Auxiliary recurrence per-arm ranking
results/reference_outputs/feature_selection/ensemble_MRI_relax/rankings_per_arm/arm_ranking_A-RS_B-OFF_N-OFF_C-OFF.csv	13380	116c854cf8b978d3be45c0150188f523b6a7b3e6f0946653caf18aa6d7b0ef11	reference_output	<ORIGINAL_PROJECT_ROOT>/study_results/NUEVOS/ENSEMBLE/ensemble_MRI_relax/rankings_per_arm/arm_ranking_A-RS_B-OFF_N-OFF_C-OFF.csv	Auxiliary recurrence per-arm ranking
results/reference_outputs/feature_selection/ensemble_MRI_relax/rankings_per_arm/arm_ranking_A-VS_B-OFF_N-OFF_C-OFF.csv	13452	a7920a05efb3715ec9541192818cca278ceffa403ed17a8d69c825720e83bb36	reference_output	<ORIGINAL_PROJECT_ROOT>/study_results/NUEVOS/ENSEMBLE/ensemble_MRI_relax/rankings_per_arm/arm_ranking_A-VS_B-OFF_N-OFF_C-OFF.csv	Auxiliary recurrence per-arm ranking
results/reference_outputs/feature_selection/ensemble_MRI_relax/run_config.json	599	fb0e59f9f63f5b9960b9957c671e2f452d6c7f8ce0c3d46ac576244ff157efba	reference_output	<ORIGINAL_PROJECT_ROOT>/study_results/NUEVOS/ENSEMBLE/ensemble_MRI_relax/run_config.json	Auxiliary recurrence final output/config
results/reference_outputs/feature_selection/ensemble_axisA_CT/master_arm_summary.csv	1925	4daed2e385ff41a795ce6b00259fd9b31a25840c4e7647f57b19ee22d33fd1c5	reference_output	<ORIGINAL_PROJECT_ROOT>/study_results/NUEVOS/ENSEMBLE/ensemble_axisA_CT/master_arm_summary.csv	Auxiliary recurrence final output/config
results/reference_outputs/feature_selection/ensemble_axisA_CT/rankings_per_arm/arm_ranking_A-FK_B-OFF_N-OFF_C-OFF.csv	12989	214a584461116ab914b7e7fb6d93deb551bd7ea8d76810d10b8962b1c7c78184	reference_output	<ORIGINAL_PROJECT_ROOT>/study_results/NUEVOS/ENSEMBLE/ensemble_axisA_CT/rankings_per_arm/arm_ranking_A-FK_B-OFF_N-OFF_C-OFF.csv	Auxiliary recurrence per-arm ranking
results/reference_outputs/feature_selection/ensemble_axisA_CT/rankings_per_arm/arm_ranking_A-NR_B-OFF_N-OFF_C-OFF.csv	13005	c9bf08deea55acde68ba4dcf76d683aaaad531411778261df32bce27429b03c2	reference_output	<ORIGINAL_PROJECT_ROOT>/study_results/NUEVOS/ENSEMBLE/ensemble_axisA_CT/rankings_per_arm/arm_ranking_A-NR_B-OFF_N-OFF_C-OFF.csv	Auxiliary recurrence per-arm ranking
results/reference_outputs/feature_selection/ensemble_axisA_CT/rankings_per_arm/arm_ranking_A-RS_B-OFF_N-OFF_C-OFF.csv	13035	69d4aaa09e179e4eeaec7a74d3eb3822dad64652351c0b735fbcfafccaeaff92	reference_output	<ORIGINAL_PROJECT_ROOT>/study_results/NUEVOS/ENSEMBLE/ensemble_axisA_CT/rankings_per_arm/arm_ranking_A-RS_B-OFF_N-OFF_C-OFF.csv	Auxiliary recurrence per-arm ranking
results/reference_outputs/feature_selection/ensemble_axisA_CT/rankings_per_arm/arm_ranking_A-VS_B-OFF_N-OFF_C-OFF.csv	13004	7c4af9ac1794819ad78bdfa7b996cc2e4aafceb4da7a947ebfbf460d7017bb15	reference_output	<ORIGINAL_PROJECT_ROOT>/study_results/NUEVOS/ENSEMBLE/ensemble_axisA_CT/rankings_per_arm/arm_ranking_A-VS_B-OFF_N-OFF_C-OFF.csv	Auxiliary recurrence per-arm ranking
results/reference_outputs/feature_selection/ensemble_axisA_CT/run_config.json	594	ec7b7176618b6e77ab6296adb2410b34882139a9e8ee359c0e64675bb2b78861	reference_output	<ORIGINAL_PROJECT_ROOT>/study_results/NUEVOS/ENSEMBLE/ensemble_axisA_CT/run_config.json	Auxiliary recurrence final output/config
results/reference_outputs/feature_selection/ensemble_axisA_CT_relaxed/master_arm_summary.csv	2874	879068545a2e176c314915c50c7a03bf6315ee94bb93d798fa9b4f53fb30d074	reference_output	<ORIGINAL_PROJECT_ROOT>/study_results/NUEVOS/ENSEMBLE/ensemble_axisA_CT_relaxed/master_arm_summary.csv	Auxiliary recurrence final output/config
results/reference_outputs/feature_selection/ensemble_axisA_CT_relaxed/rankings_per_arm/arm_ranking_A-FK_B-OFF_N-OFF_C-OFF.csv	13083	17a8ab3f2654e6bae6ef1814352762cf49aba3fc386c6b072f91bfa1fcae1509	reference_output	<ORIGINAL_PROJECT_ROOT>/study_results/NUEVOS/ENSEMBLE/ensemble_axisA_CT_relaxed/rankings_per_arm/arm_ranking_A-FK_B-OFF_N-OFF_C-OFF.csv	Auxiliary recurrence per-arm ranking
results/reference_outputs/feature_selection/ensemble_axisA_CT_relaxed/rankings_per_arm/arm_ranking_A-NR_B-OFF_N-OFF_C-OFF.csv	13103	7e13a217af702d711a60d09e94c0baecaaeb222956553c137020250534e1de80	reference_output	<ORIGINAL_PROJECT_ROOT>/study_results/NUEVOS/ENSEMBLE/ensemble_axisA_CT_relaxed/rankings_per_arm/arm_ranking_A-NR_B-OFF_N-OFF_C-OFF.csv	Auxiliary recurrence per-arm ranking
results/reference_outputs/feature_selection/ensemble_axisA_CT_relaxed/rankings_per_arm/arm_ranking_A-RS_B-OFF_N-OFF_C-OFF.csv	13116	6ff2b1155e93ad60cd8fcb3a5908c060f03aebc11e392a19d5562e56ea274ebc	reference_output	<ORIGINAL_PROJECT_ROOT>/study_results/NUEVOS/ENSEMBLE/ensemble_axisA_CT_relaxed/rankings_per_arm/arm_ranking_A-RS_B-OFF_N-OFF_C-OFF.csv	Auxiliary recurrence per-arm ranking
results/reference_outputs/feature_selection/ensemble_axisA_CT_relaxed/rankings_per_arm/arm_ranking_A-VS_B-OFF_N-OFF_C-OFF.csv	13087	b4fa4061e421a7921b55e54aeb1946579a3c206cec4c28afbc76383a6684e2cf	reference_output	<ORIGINAL_PROJECT_ROOT>/study_results/NUEVOS/ENSEMBLE/ensemble_axisA_CT_relaxed/rankings_per_arm/arm_ranking_A-VS_B-OFF_N-OFF_C-OFF.csv	Auxiliary recurrence per-arm ranking
results/reference_outputs/feature_selection/ensemble_axisA_CT_relaxed/run_config.json	610	7e08bfcdaf99ed2ec4e530711de5b7b9afc892b72f582c27fe9739db17d5ae5f	reference_output	<ORIGINAL_PROJECT_ROOT>/study_results/NUEVOS/ENSEMBLE/ensemble_axisA_CT_relaxed/run_config.json	Auxiliary recurrence final output/config
results/reference_outputs/feature_selection/ensemble_axisA_MRI/master_arm_summary.csv	2502	0cdc5d3b0a37752dec5f0b53fe21b255c6b98e1609c79f6e9c295f6f0878bc91	reference_output	<ORIGINAL_PROJECT_ROOT>/study_results/NUEVOS/ENSEMBLE/ensemble_axisA_MRI/master_arm_summary.csv	Auxiliary recurrence final output/config
results/reference_outputs/feature_selection/ensemble_axisA_MRI/rankings_per_arm/arm_ranking_A-FK_B-OFF_N-OFF_C-OFF.csv	13171	7d2277fc0f794bb64fb1bb0294836dd88b1a4e3758fe8f62851845d53121ebcb	reference_output	<ORIGINAL_PROJECT_ROOT>/study_results/NUEVOS/ENSEMBLE/ensemble_axisA_MRI/rankings_per_arm/arm_ranking_A-FK_B-OFF_N-OFF_C-OFF.csv	Auxiliary recurrence per-arm ranking
results/reference_outputs/feature_selection/ensemble_axisA_MRI/rankings_per_arm/arm_ranking_A-NR_B-OFF_N-OFF_C-OFF.csv	13168	8efb8d0a3feae3783729b0817151ff8814f61e2b97204eb3f79ef7da341344fa	reference_output	<ORIGINAL_PROJECT_ROOT>/study_results/NUEVOS/ENSEMBLE/ensemble_axisA_MRI/rankings_per_arm/arm_ranking_A-NR_B-OFF_N-OFF_C-OFF.csv	Auxiliary recurrence per-arm ranking
results/reference_outputs/feature_selection/ensemble_axisA_MRI/rankings_per_arm/arm_ranking_A-RS_B-OFF_N-OFF_C-OFF.csv	13224	ca8c8bdc4b624e74613c29a181f4968d059ba708a2e315600f14fbb9bd0ac0b5	reference_output	<ORIGINAL_PROJECT_ROOT>/study_results/NUEVOS/ENSEMBLE/ensemble_axisA_MRI/rankings_per_arm/arm_ranking_A-RS_B-OFF_N-OFF_C-OFF.csv	Auxiliary recurrence per-arm ranking
results/reference_outputs/feature_selection/ensemble_axisA_MRI/rankings_per_arm/arm_ranking_A-VS_B-OFF_N-OFF_C-OFF.csv	13202	822886438068960fb294ca393d6bc69fd90bdd14a7455a0e28d9c6a076413554	reference_output	<ORIGINAL_PROJECT_ROOT>/study_results/NUEVOS/ENSEMBLE/ensemble_axisA_MRI/rankings_per_arm/arm_ranking_A-VS_B-OFF_N-OFF_C-OFF.csv	Auxiliary recurrence per-arm ranking
results/reference_outputs/feature_selection/ensemble_axisA_MRI/run_config.json	599	5b54ad22d0c79612e5a22652a8796c2849d85406812405f6a22fceae4f413a79	reference_output	<ORIGINAL_PROJECT_ROOT>/study_results/NUEVOS/ENSEMBLE/ensemble_axisA_MRI/run_config.json	Auxiliary recurrence final output/config
results/reference_outputs/modeling/CT_axisA_common_neutral_mlp/preds/preds_test__LR__A-FK__B-OFF__N-OFF__C-OFF.csv	8444	43bf9be88838841c86ae1f5a1922049a381eee35338effb9953c8c194a7c4b37	code/config/data	generated_or_release_local	release file
results/reference_outputs/modeling/CT_axisA_common_neutral_mlp/preds/preds_test__LR__A-NR__B-OFF__N-OFF__C-OFF.csv	8444	33d1a6c2c75a59c1a55f28acdd230f0356cc2f36d6321fa3679d13c77887cd27	code/config/data	generated_or_release_local	release file
results/reference_outputs/modeling/CT_axisA_common_neutral_mlp/preds/preds_test__LR__A-RS__B-OFF__N-OFF__C-OFF.csv	8432	466779855d3354775d62d4418018f55f8755408c57edb2421d36c2c99919f219	code/config/data	generated_or_release_local	release file
results/reference_outputs/modeling/CT_axisA_common_neutral_mlp/preds/preds_test__LR__A-VS__B-OFF__N-OFF__C-OFF.csv	8446	d9a4683d033be0030176c3114685ceb238143c0395823ae4b8f88dba59fff4bd	code/config/data	generated_or_release_local	release file
results/reference_outputs/modeling/CT_axisA_common_neutral_mlp/preds/preds_test__MLP__A-FK__B-OFF__N-OFF__C-OFF.csv	7399	c93aca3d39fa37b34436521b87641451f0b8ed1d9ebd0791a585e2e56302a007	code/config/data	generated_or_release_local	release file
results/reference_outputs/modeling/CT_axisA_common_neutral_mlp/preds/preds_test__MLP__A-NR__B-OFF__N-OFF__C-OFF.csv	7399	e4981cfce06ef37b2359004d3533115cf0187b4de4b731ad5bc8930b6c915998	code/config/data	generated_or_release_local	release file
results/reference_outputs/modeling/CT_axisA_common_neutral_mlp/preds/preds_test__MLP__A-RS__B-OFF__N-OFF__C-OFF.csv	7407	3e30dc457aaf13b0db5bc7e91613b25ebcc613c277e619dab652ba6dcf6f131f	code/config/data	generated_or_release_local	release file
results/reference_outputs/modeling/CT_axisA_common_neutral_mlp/preds/preds_test__MLP__A-VS__B-OFF__N-OFF__C-OFF.csv	7399	b6eb9ca6913a4699abed735ca6465b404334ed91a721bb08668342d6bac98706	code/config/data	generated_or_release_local	release file
results/reference_outputs/modeling/CT_axisA_common_neutral_mlp/preds/preds_test__XGB__A-FK__B-OFF__N-OFF__C-OFF.csv	7392	8f2a8bc9fcaa41258bac69cf72dffbe4dcbbc693419d222c4de8e6936aa6beef	code/config/data	generated_or_release_local	release file
results/reference_outputs/modeling/CT_axisA_common_neutral_mlp/preds/preds_test__XGB__A-NR__B-OFF__N-OFF__C-OFF.csv	7392	893ea4b331e7058f5f1d820aff26d51bdd0985638daeaf03536266855b989288	code/config/data	generated_or_release_local	release file
results/reference_outputs/modeling/CT_axisA_common_neutral_mlp/preds/preds_test__XGB__A-RS__B-OFF__N-OFF__C-OFF.csv	7390	9c0752ae6c601385665a89f32852ea027a1caf6dbaf334db2d68a320b7fb9e42	code/config/data	generated_or_release_local	release file
results/reference_outputs/modeling/CT_axisA_common_neutral_mlp/preds/preds_test__XGB__A-VS__B-OFF__N-OFF__C-OFF.csv	7392	8c2f72ff68da0b49b285b50c3f523c9c804428de554813e7df333f98fb1061dc	code/config/data	generated_or_release_local	release file
results/reference_outputs/modeling/CT_axisA_common_neutral_mlp/preds_test_all.csv	101847	865399847d12cdaa7de27d5d3a748b206aa1d09aa47020ec6344064b247a242f	reference_output	<ORIGINAL_PROJECT_ROOT>/study_results/NUEVOS/MODELING/CT_axisA_common_neutral_mlp/preds_test_all.csv	Final CT axisA_common_neutral_mlp modeling reference output
results/reference_outputs/modeling/CT_axisA_common_neutral_mlp/results_models.csv	9232	becb9ac9ae240127c5ea47369d5c32bbf248b811d7504d45dd6a38ca30555233	reference_output	<ORIGINAL_PROJECT_ROOT>/study_results/NUEVOS/MODELING/CT_axisA_common_neutral_mlp/results_models.csv	Final CT axisA_common_neutral_mlp modeling reference output
results/reference_outputs/modeling/CT_axisA_common_neutral_mlp/run_config.json	1041	4fdfee0905fdb29843d00e57ab1940b6939ce8f404a13054ab1ecd3cf765f529	reference_output	<ORIGINAL_PROJECT_ROOT>/study_results/NUEVOS/MODELING/CT_axisA_common_neutral_mlp/run_config.json	Final CT axisA_common_neutral_mlp modeling reference output
results/reference_outputs/modeling/CT_axisA_common_neutral_mlp/selected_features/selected_features__A-FK__B-OFF__N-OFF__C-OFF__COMMON_NEUTRAL.csv	102	ac85d6114a9c60699468c6bd509b77f0f10fc29b2b1f9276631e0bbe8c23854f	reference_output	<ORIGINAL_PROJECT_ROOT>/study_results/NUEVOS/MODELING/CT_axisA_common_neutral_mlp/selected_features/selected_features__A-FK__B-OFF__N-OFF__C-OFF__COMMON_NEUTRAL.csv	Final CT axisA_common_neutral_mlp selected feature/ranking output
results/reference_outputs/modeling/CT_axisA_common_neutral_mlp/selected_features/selected_features__A-NR__B-OFF__N-OFF__C-OFF__COMMON_NEUTRAL.csv	102	ac85d6114a9c60699468c6bd509b77f0f10fc29b2b1f9276631e0bbe8c23854f	reference_output	<ORIGINAL_PROJECT_ROOT>/study_results/NUEVOS/MODELING/CT_axisA_common_neutral_mlp/selected_features/selected_features__A-NR__B-OFF__N-OFF__C-OFF__COMMON_NEUTRAL.csv	Final CT axisA_common_neutral_mlp selected feature/ranking output
results/reference_outputs/modeling/CT_axisA_common_neutral_mlp/selected_features/selected_features__A-RS__B-OFF__N-OFF__C-OFF__COMMON_NEUTRAL.csv	102	ac85d6114a9c60699468c6bd509b77f0f10fc29b2b1f9276631e0bbe8c23854f	reference_output	<ORIGINAL_PROJECT_ROOT>/study_results/NUEVOS/MODELING/CT_axisA_common_neutral_mlp/selected_features/selected_features__A-RS__B-OFF__N-OFF__C-OFF__COMMON_NEUTRAL.csv	Final CT axisA_common_neutral_mlp selected feature/ranking output
results/reference_outputs/modeling/CT_axisA_common_neutral_mlp/selected_features/selected_features__A-VS__B-OFF__N-OFF__C-OFF__COMMON_NEUTRAL.csv	102	ac85d6114a9c60699468c6bd509b77f0f10fc29b2b1f9276631e0bbe8c23854f	reference_output	<ORIGINAL_PROJECT_ROOT>/study_results/NUEVOS/MODELING/CT_axisA_common_neutral_mlp/selected_features/selected_features__A-VS__B-OFF__N-OFF__C-OFF__COMMON_NEUTRAL.csv	Final CT axisA_common_neutral_mlp selected feature/ranking output
results/reference_outputs/modeling/CT_axisA_common_neutral_mlp/selected_features/train_only_ensemble_ranking__A-FK__B-OFF__N-OFF__C-OFF.csv	10715	932afa60cc571cd2c5a727b069546704d042b65c6a66c9eea1d932d27eed015b	reference_output	<ORIGINAL_PROJECT_ROOT>/study_results/NUEVOS/MODELING/CT_axisA_common_neutral_mlp/selected_features/train_only_ensemble_ranking__A-FK__B-OFF__N-OFF__C-OFF.csv	Final CT axisA_common_neutral_mlp selected feature/ranking output
results/reference_outputs/modeling/CT_axisA_common_neutral_mlp/selected_features/train_only_ensemble_ranking__A-NR__B-OFF__N-OFF__C-OFF.csv	10715	00bfad8bbe683c1b33d571abc1428b8cdcf3eb9cfd8eb8377e64bdad0d47fe55	reference_output	<ORIGINAL_PROJECT_ROOT>/study_results/NUEVOS/MODELING/CT_axisA_common_neutral_mlp/selected_features/train_only_ensemble_ranking__A-NR__B-OFF__N-OFF__C-OFF.csv	Final CT axisA_common_neutral_mlp selected feature/ranking output
results/reference_outputs/modeling/CT_axisA_common_neutral_mlp/selected_features/train_only_ensemble_ranking__A-RS__B-OFF__N-OFF__C-OFF.csv	10715	15b34592924a9764a3ec58c62a9b14df28adb8a333f7c3256d2ddb1fd98a9371	reference_output	<ORIGINAL_PROJECT_ROOT>/study_results/NUEVOS/MODELING/CT_axisA_common_neutral_mlp/selected_features/train_only_ensemble_ranking__A-RS__B-OFF__N-OFF__C-OFF.csv	Final CT axisA_common_neutral_mlp selected feature/ranking output
results/reference_outputs/modeling/CT_axisA_common_neutral_mlp/selected_features/train_only_ensemble_ranking__A-VS__B-OFF__N-OFF__C-OFF.csv	10715	86c4e5d522a0a3deb96ff00326a4bbbf3e63375cf9d67896e779cc1bbd331826	reference_output	<ORIGINAL_PROJECT_ROOT>/study_results/NUEVOS/MODELING/CT_axisA_common_neutral_mlp/selected_features/train_only_ensemble_ranking__A-VS__B-OFF__N-OFF__C-OFF.csv	Final CT axisA_common_neutral_mlp selected feature/ranking output
results/reference_outputs/modeling/CT_axisA_common_neutral_mlp/source_inventory.csv	533	4f37f316887dfebb1db250a6419ffc2cefc022c5cb06193519dd062b6e5ff4de	reference_output	<ORIGINAL_PROJECT_ROOT>/study_results/NUEVOS/MODELING/CT_axisA_common_neutral_mlp/source_inventory.csv	Final CT axisA_common_neutral_mlp modeling reference output
results/reference_outputs/modeling/CT_axisA_full_features/preds_test_all.csv	67690	6760780ad4021d1362d55fcd235579aec32804dbd91617528565800a83724595	reference_output	<ORIGINAL_PROJECT_ROOT>/study_results/NUEVOS/MODELING/CT_axisA_full_features/preds_test_all.csv	Final CT axisA_full_features modeling reference output
results/reference_outputs/modeling/CT_axisA_full_features/results_models.csv	5823	584a3f0375680ff091ee927dcd0473c6a6610635fb3fd757c8341e8e3f66d20d	reference_output	<ORIGINAL_PROJECT_ROOT>/study_results/NUEVOS/MODELING/CT_axisA_full_features/results_models.csv	Final CT axisA_full_features modeling reference output
results/reference_outputs/modeling/CT_axisA_full_features/run_config.json	1031	43b70d563862e0ef549c5816bb9b28dc816e68cf0c45439a5cd6b1c0662dd4c8	reference_output	<ORIGINAL_PROJECT_ROOT>/study_results/NUEVOS/MODELING/CT_axisA_full_features/run_config.json	Final CT axisA_full_features modeling reference output
results/reference_outputs/modeling/CT_axisA_full_features/selected_features/selected_features__A-FK__B-OFF__N-OFF__C-OFF__FULL_FEATURES.csv	7321	244ad39bcd475c6910456e01d9636c81943045a5c2954b8dffef4c7e91471733	reference_output	<ORIGINAL_PROJECT_ROOT>/study_results/NUEVOS/MODELING/CT_axisA_full_features/selected_features/selected_features__A-FK__B-OFF__N-OFF__C-OFF__FULL_FEATURES.csv	Final CT axisA_full_features selected feature/ranking output
results/reference_outputs/modeling/CT_axisA_full_features/selected_features/selected_features__A-NR__B-OFF__N-OFF__C-OFF__FULL_FEATURES.csv	7321	244ad39bcd475c6910456e01d9636c81943045a5c2954b8dffef4c7e91471733	reference_output	<ORIGINAL_PROJECT_ROOT>/study_results/NUEVOS/MODELING/CT_axisA_full_features/selected_features/selected_features__A-NR__B-OFF__N-OFF__C-OFF__FULL_FEATURES.csv	Final CT axisA_full_features selected feature/ranking output
results/reference_outputs/modeling/CT_axisA_full_features/selected_features/selected_features__A-RS__B-OFF__N-OFF__C-OFF__FULL_FEATURES.csv	7321	244ad39bcd475c6910456e01d9636c81943045a5c2954b8dffef4c7e91471733	reference_output	<ORIGINAL_PROJECT_ROOT>/study_results/NUEVOS/MODELING/CT_axisA_full_features/selected_features/selected_features__A-RS__B-OFF__N-OFF__C-OFF__FULL_FEATURES.csv	Final CT axisA_full_features selected feature/ranking output
results/reference_outputs/modeling/CT_axisA_full_features/selected_features/selected_features__A-VS__B-OFF__N-OFF__C-OFF__FULL_FEATURES.csv	7321	244ad39bcd475c6910456e01d9636c81943045a5c2954b8dffef4c7e91471733	reference_output	<ORIGINAL_PROJECT_ROOT>/study_results/NUEVOS/MODELING/CT_axisA_full_features/selected_features/selected_features__A-VS__B-OFF__N-OFF__C-OFF__FULL_FEATURES.csv	Final CT axisA_full_features selected feature/ranking output
results/reference_outputs/modeling/CT_axisA_full_features/source_inventory.csv	533	4f37f316887dfebb1db250a6419ffc2cefc022c5cb06193519dd062b6e5ff4de	reference_output	<ORIGINAL_PROJECT_ROOT>/study_results/NUEVOS/MODELING/CT_axisA_full_features/source_inventory.csv	Final CT axisA_full_features modeling reference output
results/reference_outputs/modeling/CT_axisA_per_arm_ensemble/preds_test_all.csv	67704	40cac87f68dcac995fbc11802b5d937de7668505b4cd05954db6fc55c18f4e25	reference_output	<ORIGINAL_PROJECT_ROOT>/study_results/NUEVOS/MODELING/CT_axisA_per_arm_ensemble/preds_test_all.csv	Final CT axisA_per_arm_ensemble modeling reference output
results/reference_outputs/modeling/CT_axisA_per_arm_ensemble/results_models.csv	5907	0b39e3f75afbc8ae8d676287cc5fdb8b28a5cb45a3d04919fcb905835c3c0a29	reference_output	<ORIGINAL_PROJECT_ROOT>/study_results/NUEVOS/MODELING/CT_axisA_per_arm_ensemble/results_models.csv	Final CT axisA_per_arm_ensemble modeling reference output
results/reference_outputs/modeling/CT_axisA_per_arm_ensemble/run_config.json	1040	8ea024a31971d2abc68bffb7e6da4d76f1f62cc5cfc505f912e6e9d1d538bd75	reference_output	<ORIGINAL_PROJECT_ROOT>/study_results/NUEVOS/MODELING/CT_axisA_per_arm_ensemble/run_config.json	Final CT axisA_per_arm_ensemble modeling reference output
results/reference_outputs/modeling/CT_axisA_per_arm_ensemble/selected_features/selected_features__A-FK__B-OFF__N-OFF__C-OFF__PER_ARM_ENSEMBLE.csv	353	619e4fa191e1827b5cd64e251f81cda99814824b132a3995f74360cfd86c9a44	reference_output	<ORIGINAL_PROJECT_ROOT>/study_results/NUEVOS/MODELING/CT_axisA_per_arm_ensemble/selected_features/selected_features__A-FK__B-OFF__N-OFF__C-OFF__PER_ARM_ENSEMBLE.csv	Final CT axisA_per_arm_ensemble selected feature/ranking output
results/reference_outputs/modeling/CT_axisA_per_arm_ensemble/selected_features/selected_features__A-NR__B-OFF__N-OFF__C-OFF__PER_ARM_ENSEMBLE.csv	186	a6dfbf6482270943f33e87b07110432b6519173f3af79e0dbe231f887367513e	reference_output	<ORIGINAL_PROJECT_ROOT>/study_results/NUEVOS/MODELING/CT_axisA_per_arm_ensemble/selected_features/selected_features__A-NR__B-OFF__N-OFF__C-OFF__PER_ARM_ENSEMBLE.csv	Final CT axisA_per_arm_ensemble selected feature/ranking output
results/reference_outputs/modeling/CT_axisA_per_arm_ensemble/selected_features/selected_features__A-RS__B-OFF__N-OFF__C-OFF__PER_ARM_ENSEMBLE.csv	317	22e18459fffd56cb956b89df494cb3b63c3f56014db6d2a239d75d7e85e64ddb	reference_output	<ORIGINAL_PROJECT_ROOT>/study_results/NUEVOS/MODELING/CT_axisA_per_arm_ensemble/selected_features/selected_features__A-RS__B-OFF__N-OFF__C-OFF__PER_ARM_ENSEMBLE.csv	Final CT axisA_per_arm_ensemble selected feature/ranking output
results/reference_outputs/modeling/CT_axisA_per_arm_ensemble/selected_features/selected_features__A-VS__B-OFF__N-OFF__C-OFF__PER_ARM_ENSEMBLE.csv	477	6bfe2400bcd54dc2883932cb1a122760464c38e2caabf57eb44c110c7a757d39	reference_output	<ORIGINAL_PROJECT_ROOT>/study_results/NUEVOS/MODELING/CT_axisA_per_arm_ensemble/selected_features/selected_features__A-VS__B-OFF__N-OFF__C-OFF__PER_ARM_ENSEMBLE.csv	Final CT axisA_per_arm_ensemble selected feature/ranking output
results/reference_outputs/modeling/CT_axisA_per_arm_ensemble/selected_features/train_only_ensemble_ranking__A-FK__B-OFF__N-OFF__C-OFF.csv	10715	932afa60cc571cd2c5a727b069546704d042b65c6a66c9eea1d932d27eed015b	reference_output	<ORIGINAL_PROJECT_ROOT>/study_results/NUEVOS/MODELING/CT_axisA_per_arm_ensemble/selected_features/train_only_ensemble_ranking__A-FK__B-OFF__N-OFF__C-OFF.csv	Final CT axisA_per_arm_ensemble selected feature/ranking output
results/reference_outputs/modeling/CT_axisA_per_arm_ensemble/selected_features/train_only_ensemble_ranking__A-NR__B-OFF__N-OFF__C-OFF.csv	10715	00bfad8bbe683c1b33d571abc1428b8cdcf3eb9cfd8eb8377e64bdad0d47fe55	reference_output	<ORIGINAL_PROJECT_ROOT>/study_results/NUEVOS/MODELING/CT_axisA_per_arm_ensemble/selected_features/train_only_ensemble_ranking__A-NR__B-OFF__N-OFF__C-OFF.csv	Final CT axisA_per_arm_ensemble selected feature/ranking output
results/reference_outputs/modeling/CT_axisA_per_arm_ensemble/selected_features/train_only_ensemble_ranking__A-RS__B-OFF__N-OFF__C-OFF.csv	10715	15b34592924a9764a3ec58c62a9b14df28adb8a333f7c3256d2ddb1fd98a9371	reference_output	<ORIGINAL_PROJECT_ROOT>/study_results/NUEVOS/MODELING/CT_axisA_per_arm_ensemble/selected_features/train_only_ensemble_ranking__A-RS__B-OFF__N-OFF__C-OFF.csv	Final CT axisA_per_arm_ensemble selected feature/ranking output
results/reference_outputs/modeling/CT_axisA_per_arm_ensemble/selected_features/train_only_ensemble_ranking__A-VS__B-OFF__N-OFF__C-OFF.csv	10715	86c4e5d522a0a3deb96ff00326a4bbbf3e63375cf9d67896e779cc1bbd331826	reference_output	<ORIGINAL_PROJECT_ROOT>/study_results/NUEVOS/MODELING/CT_axisA_per_arm_ensemble/selected_features/train_only_ensemble_ranking__A-VS__B-OFF__N-OFF__C-OFF.csv	Final CT axisA_per_arm_ensemble selected feature/ranking output
results/reference_outputs/modeling/CT_axisA_per_arm_ensemble/source_inventory.csv	533	4f37f316887dfebb1db250a6419ffc2cefc022c5cb06193519dd062b6e5ff4de	reference_output	<ORIGINAL_PROJECT_ROOT>/study_results/NUEVOS/MODELING/CT_axisA_per_arm_ensemble/source_inventory.csv	Final CT axisA_per_arm_ensemble modeling reference output
results/reference_outputs/modeling/MRI_axisA_common_neutral_mlp/preds/preds_test__LR__A-FK__B-OFF__N-OFF__C-OFF.csv	2973	90831aabaecbb05a79f520b4456d171b9918151d49239d5805ae5695ec27acae	code/config/data	generated_or_release_local	release file
results/reference_outputs/modeling/MRI_axisA_common_neutral_mlp/preds/preds_test__LR__A-NR__B-OFF__N-OFF__C-OFF.csv	2970	18e4f74becf1ff287df34e9d9989877150fc024a7d6be913b47abb18b9cc8abb	code/config/data	generated_or_release_local	release file
results/reference_outputs/modeling/MRI_axisA_common_neutral_mlp/preds/preds_test__LR__A-RS__B-OFF__N-OFF__C-OFF.csv	2979	99d3c00a3ba94150f0254b7c33971224c19a0a79df3fdae94a26946bdc62e05c	code/config/data	generated_or_release_local	release file
results/reference_outputs/modeling/MRI_axisA_common_neutral_mlp/preds/preds_test__LR__A-VS__B-OFF__N-OFF__C-OFF.csv	2968	5a757ca9e08c7189f6f875c9ab15f39dec02151a6cbe8481565b1c65826499a9	code/config/data	generated_or_release_local	release file
results/reference_outputs/modeling/MRI_axisA_common_neutral_mlp/preds/preds_test__MLP__A-FK__B-OFF__N-OFF__C-OFF.csv	2624	e28f2a416d2c400fa181fd5ea550bb001ed407c73b94d0bb41135222f9468e39	code/config/data	generated_or_release_local	release file
results/reference_outputs/modeling/MRI_axisA_common_neutral_mlp/preds/preds_test__MLP__A-NR__B-OFF__N-OFF__C-OFF.csv	2626	be599438d33ff235576bb73efc26cebeee14e202d5b803694397b5fba57c10db	code/config/data	generated_or_release_local	release file
results/reference_outputs/modeling/MRI_axisA_common_neutral_mlp/preds/preds_test__MLP__A-RS__B-OFF__N-OFF__C-OFF.csv	2625	849a320c600c8bdf966f2198d648e8277688660c950ddc60b2dcfe744b7d1c58	code/config/data	generated_or_release_local	release file
results/reference_outputs/modeling/MRI_axisA_common_neutral_mlp/preds/preds_test__MLP__A-VS__B-OFF__N-OFF__C-OFF.csv	2633	6b15959a8fd6ecb45fcf74609e8226d61a01591bab346d59fdcf2b71a4b4044c	code/config/data	generated_or_release_local	release file
results/reference_outputs/modeling/MRI_axisA_common_neutral_mlp/preds/preds_test__XGB__A-FK__B-OFF__N-OFF__C-OFF.csv	2623	9966003341bb17bdd8e1a163e7852c2ac26294317f3b60d69e9ba9e250eb202c	code/config/data	generated_or_release_local	release file
results/reference_outputs/modeling/MRI_axisA_common_neutral_mlp/preds/preds_test__XGB__A-NR__B-OFF__N-OFF__C-OFF.csv	2630	c55ea4ac183ae2a97f9ed4f61e6fd7ec900921a6a3384786d1190a6416c05aeb	code/config/data	generated_or_release_local	release file
results/reference_outputs/modeling/MRI_axisA_common_neutral_mlp/preds/preds_test__XGB__A-RS__B-OFF__N-OFF__C-OFF.csv	2629	0a76bbf07dd3a512f0e71cc39006ec12559f60d9bc95fb30955165d774a27a16	code/config/data	generated_or_release_local	release file
results/reference_outputs/modeling/MRI_axisA_common_neutral_mlp/preds/preds_test__XGB__A-VS__B-OFF__N-OFF__C-OFF.csv	2634	00305a56c5d5b0620f78f924f5a9770c794c97f69e4f18f61e1843cf8470d843	code/config/data	generated_or_release_local	release file
results/reference_outputs/modeling/MRI_axisA_common_neutral_mlp/preds_test_all.csv	35619	d99b46bce7ef1b388fa8eecb7cbfcae8d8c44921d76c81aa39d00ea1df421985	reference_output	<ORIGINAL_PROJECT_ROOT>/study_results/NUEVOS/MODELING/MRI_axisA_common_neutral_mlp/preds_test_all.csv	Final MRI axisA_common_neutral_mlp modeling reference output
results/reference_outputs/modeling/MRI_axisA_common_neutral_mlp/results_models.csv	9296	c602e75692ca9461e32f00218fd026bbda21804e620ddde770a2ce56835b075e	reference_output	<ORIGINAL_PROJECT_ROOT>/study_results/NUEVOS/MODELING/MRI_axisA_common_neutral_mlp/results_models.csv	Final MRI axisA_common_neutral_mlp modeling reference output
results/reference_outputs/modeling/MRI_axisA_common_neutral_mlp/run_config.json	1046	119a9196e6bc9a08dc40accd2d57a94b4a731c305bc0b121e1c17b332fe24011	reference_output	<ORIGINAL_PROJECT_ROOT>/study_results/NUEVOS/MODELING/MRI_axisA_common_neutral_mlp/run_config.json	Final MRI axisA_common_neutral_mlp modeling reference output
results/reference_outputs/modeling/MRI_axisA_common_neutral_mlp/selected_features/selected_features__A-FK__B-OFF__N-OFF__C-OFF__COMMON_NEUTRAL.csv	1258	306191525bc836bed01eba5105ea201a6af94b3f5490080470499f49119ffde4	reference_output	<ORIGINAL_PROJECT_ROOT>/study_results/NUEVOS/MODELING/MRI_axisA_common_neutral_mlp/selected_features/selected_features__A-FK__B-OFF__N-OFF__C-OFF__COMMON_NEUTRAL.csv	Final MRI axisA_common_neutral_mlp selected feature/ranking output
results/reference_outputs/modeling/MRI_axisA_common_neutral_mlp/selected_features/selected_features__A-NR__B-OFF__N-OFF__C-OFF__COMMON_NEUTRAL.csv	1258	306191525bc836bed01eba5105ea201a6af94b3f5490080470499f49119ffde4	reference_output	<ORIGINAL_PROJECT_ROOT>/study_results/NUEVOS/MODELING/MRI_axisA_common_neutral_mlp/selected_features/selected_features__A-NR__B-OFF__N-OFF__C-OFF__COMMON_NEUTRAL.csv	Final MRI axisA_common_neutral_mlp selected feature/ranking output
results/reference_outputs/modeling/MRI_axisA_common_neutral_mlp/selected_features/selected_features__A-RS__B-OFF__N-OFF__C-OFF__COMMON_NEUTRAL.csv	1258	306191525bc836bed01eba5105ea201a6af94b3f5490080470499f49119ffde4	reference_output	<ORIGINAL_PROJECT_ROOT>/study_results/NUEVOS/MODELING/MRI_axisA_common_neutral_mlp/selected_features/selected_features__A-RS__B-OFF__N-OFF__C-OFF__COMMON_NEUTRAL.csv	Final MRI axisA_common_neutral_mlp selected feature/ranking output
results/reference_outputs/modeling/MRI_axisA_common_neutral_mlp/selected_features/selected_features__A-VS__B-OFF__N-OFF__C-OFF__COMMON_NEUTRAL.csv	1258	306191525bc836bed01eba5105ea201a6af94b3f5490080470499f49119ffde4	reference_output	<ORIGINAL_PROJECT_ROOT>/study_results/NUEVOS/MODELING/MRI_axisA_common_neutral_mlp/selected_features/selected_features__A-VS__B-OFF__N-OFF__C-OFF__COMMON_NEUTRAL.csv	Final MRI axisA_common_neutral_mlp selected feature/ranking output
results/reference_outputs/modeling/MRI_axisA_common_neutral_mlp/selected_features/train_only_ensemble_ranking__A-FK__B-OFF__N-OFF__C-OFF.csv	10715	603af85aa379cf0c14844d8ebec3560bf96a9f618726eeccc99e45f41b6ae30f	reference_output	<ORIGINAL_PROJECT_ROOT>/study_results/NUEVOS/MODELING/MRI_axisA_common_neutral_mlp/selected_features/train_only_ensemble_ranking__A-FK__B-OFF__N-OFF__C-OFF.csv	Final MRI axisA_common_neutral_mlp selected feature/ranking output
results/reference_outputs/modeling/MRI_axisA_common_neutral_mlp/selected_features/train_only_ensemble_ranking__A-NR__B-OFF__N-OFF__C-OFF.csv	10715	77eee9fa90940d535351821daba4e44efd6379549508b5e9635700ad4404e10a	reference_output	<ORIGINAL_PROJECT_ROOT>/study_results/NUEVOS/MODELING/MRI_axisA_common_neutral_mlp/selected_features/train_only_ensemble_ranking__A-NR__B-OFF__N-OFF__C-OFF.csv	Final MRI axisA_common_neutral_mlp selected feature/ranking output
results/reference_outputs/modeling/MRI_axisA_common_neutral_mlp/selected_features/train_only_ensemble_ranking__A-RS__B-OFF__N-OFF__C-OFF.csv	10715	96f308f07207f39232a52f3912b96cd85cc53a110bc22d42790b18c4a5654cfb	reference_output	<ORIGINAL_PROJECT_ROOT>/study_results/NUEVOS/MODELING/MRI_axisA_common_neutral_mlp/selected_features/train_only_ensemble_ranking__A-RS__B-OFF__N-OFF__C-OFF.csv	Final MRI axisA_common_neutral_mlp selected feature/ranking output
results/reference_outputs/modeling/MRI_axisA_common_neutral_mlp/selected_features/train_only_ensemble_ranking__A-VS__B-OFF__N-OFF__C-OFF.csv	10715	cf4478cf4fa0d3e7c79e10deb9e63a2642f232e54d337a8e8e0773731c7a6ea2	reference_output	<ORIGINAL_PROJECT_ROOT>/study_results/NUEVOS/MODELING/MRI_axisA_common_neutral_mlp/selected_features/train_only_ensemble_ranking__A-VS__B-OFF__N-OFF__C-OFF.csv	Final MRI axisA_common_neutral_mlp selected feature/ranking output
results/reference_outputs/modeling/MRI_axisA_common_neutral_mlp/source_inventory.csv	533	19ac703cbb8c155e9e0743296bf2699cdfb2d1da2cc2ed02a7ad528d9c186122	reference_output	<ORIGINAL_PROJECT_ROOT>/study_results/NUEVOS/MODELING/MRI_axisA_common_neutral_mlp/source_inventory.csv	Final MRI axisA_common_neutral_mlp modeling reference output
results/reference_outputs/modeling/MRI_axisA_full_features/preds_test_all.csv	23790	a443584d14b01a8a4d3b350f321b6c5d3ec82fa58c0cd884afc2e0768a2566ea	reference_output	<ORIGINAL_PROJECT_ROOT>/study_results/NUEVOS/MODELING/MRI_axisA_full_features/preds_test_all.csv	Final MRI axisA_full_features modeling reference output
results/reference_outputs/modeling/MRI_axisA_full_features/results_models.csv	5840	4ad0e0c6d5fdd1b5e8fdc28949b9141928ed12032df3c53b830a0742a04c634a	reference_output	<ORIGINAL_PROJECT_ROOT>/study_results/NUEVOS/MODELING/MRI_axisA_full_features/results_models.csv	Final MRI axisA_full_features modeling reference output
results/reference_outputs/modeling/MRI_axisA_full_features/run_config.json	1036	0cccb8922b7660481309f800bb48b8f832f2165f9667abe3944c91a868f2d008	reference_output	<ORIGINAL_PROJECT_ROOT>/study_results/NUEVOS/MODELING/MRI_axisA_full_features/run_config.json	Final MRI axisA_full_features modeling reference output
results/reference_outputs/modeling/MRI_axisA_full_features/selected_features/selected_features__A-FK__B-OFF__N-OFF__C-OFF__FULL_FEATURES.csv	7321	244ad39bcd475c6910456e01d9636c81943045a5c2954b8dffef4c7e91471733	reference_output	<ORIGINAL_PROJECT_ROOT>/study_results/NUEVOS/MODELING/MRI_axisA_full_features/selected_features/selected_features__A-FK__B-OFF__N-OFF__C-OFF__FULL_FEATURES.csv	Final MRI axisA_full_features selected feature/ranking output
results/reference_outputs/modeling/MRI_axisA_full_features/selected_features/selected_features__A-NR__B-OFF__N-OFF__C-OFF__FULL_FEATURES.csv	7321	244ad39bcd475c6910456e01d9636c81943045a5c2954b8dffef4c7e91471733	reference_output	<ORIGINAL_PROJECT_ROOT>/study_results/NUEVOS/MODELING/MRI_axisA_full_features/selected_features/selected_features__A-NR__B-OFF__N-OFF__C-OFF__FULL_FEATURES.csv	Final MRI axisA_full_features selected feature/ranking output
results/reference_outputs/modeling/MRI_axisA_full_features/selected_features/selected_features__A-RS__B-OFF__N-OFF__C-OFF__FULL_FEATURES.csv	7321	244ad39bcd475c6910456e01d9636c81943045a5c2954b8dffef4c7e91471733	reference_output	<ORIGINAL_PROJECT_ROOT>/study_results/NUEVOS/MODELING/MRI_axisA_full_features/selected_features/selected_features__A-RS__B-OFF__N-OFF__C-OFF__FULL_FEATURES.csv	Final MRI axisA_full_features selected feature/ranking output
results/reference_outputs/modeling/MRI_axisA_full_features/selected_features/selected_features__A-VS__B-OFF__N-OFF__C-OFF__FULL_FEATURES.csv	7321	244ad39bcd475c6910456e01d9636c81943045a5c2954b8dffef4c7e91471733	reference_output	<ORIGINAL_PROJECT_ROOT>/study_results/NUEVOS/MODELING/MRI_axisA_full_features/selected_features/selected_features__A-VS__B-OFF__N-OFF__C-OFF__FULL_FEATURES.csv	Final MRI axisA_full_features selected feature/ranking output
results/reference_outputs/modeling/MRI_axisA_full_features/source_inventory.csv	533	19ac703cbb8c155e9e0743296bf2699cdfb2d1da2cc2ed02a7ad528d9c186122	reference_output	<ORIGINAL_PROJECT_ROOT>/study_results/NUEVOS/MODELING/MRI_axisA_full_features/source_inventory.csv	Final MRI axisA_full_features modeling reference output
results/reference_outputs/modeling/MRI_axisA_per_arm_ensemble/preds_test_all.csv	23706	f9b03a256c55a239c43d376d2341f304673f3eb22191c8e7d18af020be1f5ec0	reference_output	<ORIGINAL_PROJECT_ROOT>/study_results/NUEVOS/MODELING/MRI_axisA_per_arm_ensemble/preds_test_all.csv	Final MRI axisA_per_arm_ensemble modeling reference output
results/reference_outputs/modeling/MRI_axisA_per_arm_ensemble/results_models.csv	5934	6cc7971c98699b315cbd949e679fe2f586bd49fa24d03b7b6faec783d68800b6	reference_output	<ORIGINAL_PROJECT_ROOT>/study_results/NUEVOS/MODELING/MRI_axisA_per_arm_ensemble/results_models.csv	Final MRI axisA_per_arm_ensemble modeling reference output
results/reference_outputs/modeling/MRI_axisA_per_arm_ensemble/run_config.json	1045	64b95a3e5e13ae50fde834df1bae4b22fc44bf49a1926c94352cf42a001fe612	reference_output	<ORIGINAL_PROJECT_ROOT>/study_results/NUEVOS/MODELING/MRI_axisA_per_arm_ensemble/run_config.json	Final MRI axisA_per_arm_ensemble modeling reference output
results/reference_outputs/modeling/MRI_axisA_per_arm_ensemble/selected_features/selected_features__A-FK__B-OFF__N-OFF__C-OFF__PER_ARM_ENSEMBLE.csv	422	03f392b683fe6e339af1c3f06ba6733d8151bd7e865b15a47daa37f3af3542ac	reference_output	<ORIGINAL_PROJECT_ROOT>/study_results/NUEVOS/MODELING/MRI_axisA_per_arm_ensemble/selected_features/selected_features__A-FK__B-OFF__N-OFF__C-OFF__PER_ARM_ENSEMBLE.csv	Final MRI axisA_per_arm_ensemble selected feature/ranking output
results/reference_outputs/modeling/MRI_axisA_per_arm_ensemble/selected_features/selected_features__A-NR__B-OFF__N-OFF__C-OFF__PER_ARM_ENSEMBLE.csv	670	09d0f1c23b5783392d688d00cb8b77edd397dbf8d06ad48cbaf5a21b4a1259cb	reference_output	<ORIGINAL_PROJECT_ROOT>/study_results/NUEVOS/MODELING/MRI_axisA_per_arm_ensemble/selected_features/selected_features__A-NR__B-OFF__N-OFF__C-OFF__PER_ARM_ENSEMBLE.csv	Final MRI axisA_per_arm_ensemble selected feature/ranking output
results/reference_outputs/modeling/MRI_axisA_per_arm_ensemble/selected_features/selected_features__A-RS__B-OFF__N-OFF__C-OFF__PER_ARM_ENSEMBLE.csv	518	93dab66cf7584f140139da0a7b4fb81cf2dcf69421a5d0bc7d6b088e09b2e09e	reference_output	<ORIGINAL_PROJECT_ROOT>/study_results/NUEVOS/MODELING/MRI_axisA_per_arm_ensemble/selected_features/selected_features__A-RS__B-OFF__N-OFF__C-OFF__PER_ARM_ENSEMBLE.csv	Final MRI axisA_per_arm_ensemble selected feature/ranking output
results/reference_outputs/modeling/MRI_axisA_per_arm_ensemble/selected_features/selected_features__A-VS__B-OFF__N-OFF__C-OFF__PER_ARM_ENSEMBLE.csv	525	bc25ae66e6ae9b673571f70ccbec7af5a65d53142b55e465c17c40cbdc1c7f93	reference_output	<ORIGINAL_PROJECT_ROOT>/study_results/NUEVOS/MODELING/MRI_axisA_per_arm_ensemble/selected_features/selected_features__A-VS__B-OFF__N-OFF__C-OFF__PER_ARM_ENSEMBLE.csv	Final MRI axisA_per_arm_ensemble selected feature/ranking output
results/reference_outputs/modeling/MRI_axisA_per_arm_ensemble/selected_features/train_only_ensemble_ranking__A-FK__B-OFF__N-OFF__C-OFF.csv	10715	603af85aa379cf0c14844d8ebec3560bf96a9f618726eeccc99e45f41b6ae30f	reference_output	<ORIGINAL_PROJECT_ROOT>/study_results/NUEVOS/MODELING/MRI_axisA_per_arm_ensemble/selected_features/train_only_ensemble_ranking__A-FK__B-OFF__N-OFF__C-OFF.csv	Final MRI axisA_per_arm_ensemble selected feature/ranking output
results/reference_outputs/modeling/MRI_axisA_per_arm_ensemble/selected_features/train_only_ensemble_ranking__A-NR__B-OFF__N-OFF__C-OFF.csv	10715	77eee9fa90940d535351821daba4e44efd6379549508b5e9635700ad4404e10a	reference_output	<ORIGINAL_PROJECT_ROOT>/study_results/NUEVOS/MODELING/MRI_axisA_per_arm_ensemble/selected_features/train_only_ensemble_ranking__A-NR__B-OFF__N-OFF__C-OFF.csv	Final MRI axisA_per_arm_ensemble selected feature/ranking output
results/reference_outputs/modeling/MRI_axisA_per_arm_ensemble/selected_features/train_only_ensemble_ranking__A-RS__B-OFF__N-OFF__C-OFF.csv	10715	96f308f07207f39232a52f3912b96cd85cc53a110bc22d42790b18c4a5654cfb	reference_output	<ORIGINAL_PROJECT_ROOT>/study_results/NUEVOS/MODELING/MRI_axisA_per_arm_ensemble/selected_features/train_only_ensemble_ranking__A-RS__B-OFF__N-OFF__C-OFF.csv	Final MRI axisA_per_arm_ensemble selected feature/ranking output
results/reference_outputs/modeling/MRI_axisA_per_arm_ensemble/selected_features/train_only_ensemble_ranking__A-VS__B-OFF__N-OFF__C-OFF.csv	10715	cf4478cf4fa0d3e7c79e10deb9e63a2642f232e54d337a8e8e0773731c7a6ea2	reference_output	<ORIGINAL_PROJECT_ROOT>/study_results/NUEVOS/MODELING/MRI_axisA_per_arm_ensemble/selected_features/train_only_ensemble_ranking__A-VS__B-OFF__N-OFF__C-OFF.csv	Final MRI axisA_per_arm_ensemble selected feature/ranking output
results/reference_outputs/modeling/MRI_axisA_per_arm_ensemble/source_inventory.csv	533	19ac703cbb8c155e9e0743296bf2699cdfb2d1da2cc2ed02a7ad528d9c186122	reference_output	<ORIGINAL_PROJECT_ROOT>/study_results/NUEVOS/MODELING/MRI_axisA_per_arm_ensemble/source_inventory.csv	Final MRI axisA_per_arm_ensemble modeling reference output
scripts/README.md	933	622e62d9875bd9c1df39b17a90d66da339d28aa24702f9edfc8e2a95bd5f2b12	code/config/data	generated_or_release_local	release file
scripts/binwidth.py	6146	456145f232439f9ad48806f3c523bfc975be56927bd448a93d2447525ce9ff7b	script	<ORIGINAL_PROJECT_ROOT>/scripts/binwidth.py	Required/supporting Paper 1 analysis script
scripts/feature_selection/ensemble.py	37286	598553e19e8c65f9d76aa4422bf6e001fd232e9c0db52303909f44d5affc13cb	script	<ORIGINAL_PROJECT_ROOT>/scripts/analisis/PAPER1/ensemble.py	Required/supporting Paper 1 analysis script
scripts/figures/plot_modeling_results.py	20077	c57d33876dd9f6b317e812930dac01e9032940727440fa262049938b54ca5f4c	script	<ORIGINAL_PROJECT_ROOT>/scripts/analisis/PAPER1/plot_modeling_results.py	Required/supporting Paper 1 analysis script
scripts/modeling/modeling.py	84279	6a68f225fe8d6f0a340b97526669e845efee802e454252b7bdb07d859be083bb	script	<ORIGINAL_PROJECT_ROOT>/scripts/analisis/PAPER1/modeling.py	Required/supporting Paper 1 analysis script
scripts/modeling/run_modeling_axisA_examples.sh	4150	79bc1ef8f92b48c4e609ee5e0f9e83a3d541d7244c2d58a8e25e36bba22043cb	script	<ORIGINAL_PROJECT_ROOT>/scripts/analisis/PAPER1/run_modeling_axisA_sequential_nuevos.sh	Required/supporting Paper 1 analysis script
scripts/statistics/estadistico.py	71782	02c6e863591c2d0f63eb715e757c90b376eb0ec6c51b31046b939ee6349dd5e7	script	<ORIGINAL_PROJECT_ROOT>/scripts/analisis/PAPER1/estadistico.py	Required/supporting Paper 1 analysis script
scripts/statistics/icc_pairwise_axisA.py	23898	d329767491a503c2b0404008d2aa3300715a7d8b78b2b7736eafcd44d8b0aa39	script	<ORIGINAL_PROJECT_ROOT>/scripts/analisis/PAPER1/icc_pairwise_axisA.py	Required/supporting Paper 1 analysis script
scripts/validation/bootstrap_auc_ci.py	35915	462d56b97f3c9a613e910a862fede4b2eb5d41b803c9aadc68cc9d32212f259c	script	<ORIGINAL_PROJECT_ROOT>/study_results/axisA_bootstrap_auc_ci_NUEVOS_axisA_only/bootstrap_auc_ci.py	Required/supporting Paper 1 analysis script
scripts/validation/external_val.py	16981	aa318e1a123f22cea1020e1cf5b44f242cd3fc5a350e9346178b01288641db13	script	<ORIGINAL_PROJECT_ROOT>/scripts/analisis/PAPER1/external_val.py	Required/supporting Paper 1 analysis script
scripts/validation/reproducibility_check.py	5228	21960575b80ce01aa55c9d85f8e8d4739be5e60911a8d7f9f15f6d439dd64269	code/config/data	generated_or_release_local	release file
scripts/validation/run_external_val_examples.sh	2671	b6c0a7f17194edf34100c6f60029e1cbe766874c78f01f0af7ceb7a2cae5b30c	script	<ORIGINAL_PROJECT_ROOT>/scripts/analisis/PAPER1/run_external_val_nuevos.sh	Required/supporting Paper 1 analysis script
