modality,validation,analysis,arm,model,n,n_positive,n_negative,auc,ci95_low,ci95_high,n_bootstrap,source_prediction_file,source_results_file
CT,internal held-out,"Paper 1 NUEVOS common-neutral Axis A-only baseline (B=OFF, N=OFF, C=OFF)",NR,LR,135,75,60,0.7628888888888888,0.6759245961604556,0.8429366926825943,10000,<ORIGINAL_PROJECT_ROOT>/study_results/NUEVOS/MODELING/CT_axisA_common_neutral_mlp/preds/preds_test__LR__A-NR__B-OFF__N-OFF__C-OFF.csv,<ORIGINAL_PROJECT_ROOT>/study_results/NUEVOS/MODELING/CT_axisA_common_neutral_mlp/results_models.csv
CT,internal held-out,"Paper 1 NUEVOS common-neutral Axis A-only baseline (B=OFF, N=OFF, C=OFF)",NR,XGB,135,75,60,0.7625555555555555,0.6746195526298003,0.8423661581558315,10000,<ORIGINAL_PROJECT_ROOT>/study_results/NUEVOS/MODELING/CT_axisA_common_neutral_mlp/preds/preds_test__XGB__A-NR__B-OFF__N-OFF__C-OFF.csv,<ORIGINAL_PROJECT_ROOT>/study_results/NUEVOS/MODELING/CT_axisA_common_neutral_mlp/results_models.csv
CT,internal held-out,"Paper 1 NUEVOS common-neutral Axis A-only baseline (B=OFF, N=OFF, C=OFF)",NR,MLP,135,75,60,0.7815555555555557,0.7009083416583417,0.8580252494809457,10000,<ORIGINAL_PROJECT_ROOT>/study_results/NUEVOS/MODELING/CT_axisA_common_neutral_mlp/preds/preds_test__MLP__A-NR__B-OFF__N-OFF__C-OFF.csv,<ORIGINAL_PROJECT_ROOT>/study_results/NUEVOS/MODELING/CT_axisA_common_neutral_mlp/results_models.csv
CT,internal held-out,"Paper 1 NUEVOS common-neutral Axis A-only baseline (B=OFF, N=OFF, C=OFF)",RS,LR,135,75,60,0.7295555555555556,0.637858024691358,0.81396442337758,10000,<ORIGINAL_PROJECT_ROOT>/study_results/NUEVOS/MODELING/CT_axisA_common_neutral_mlp/preds/preds_test__LR__A-RS__B-OFF__N-OFF__C-OFF.csv,<ORIGINAL_PROJECT_ROOT>/study_results/NUEVOS/MODELING/CT_axisA_common_neutral_mlp/results_models.csv
CT,internal held-out,"Paper 1 NUEVOS common-neutral Axis A-only baseline (B=OFF, N=OFF, C=OFF)",RS,XGB,135,75,60,0.711,0.6211411795106185,0.7964525480646804,10000,<ORIGINAL_PROJECT_ROOT>/study_results/NUEVOS/MODELING/CT_axisA_common_neutral_mlp/preds/preds_test__XGB__A-RS__B-OFF__N-OFF__C-OFF.csv,<ORIGINAL_PROJECT_ROOT>/study_results/NUEVOS/MODELING/CT_axisA_common_neutral_mlp/results_models.csv
CT,internal held-out,"Paper 1 NUEVOS common-neutral Axis A-only baseline (B=OFF, N=OFF, C=OFF)",RS,MLP,135,75,60,0.7317777777777777,0.6425099425541316,0.814890293040293,10000,<ORIGINAL_PROJECT_ROOT>/study_results/NUEVOS/MODELING/CT_axisA_common_neutral_mlp/preds/preds_test__MLP__A-RS__B-OFF__N-OFF__C-OFF.csv,<ORIGINAL_PROJECT_ROOT>/study_results/NUEVOS/MODELING/CT_axisA_common_neutral_mlp/results_models.csv
CT,internal held-out,"Paper 1 NUEVOS common-neutral Axis A-only baseline (B=OFF, N=OFF, C=OFF)",VS,LR,135,75,60,0.7628888888888888,0.6759245961604556,0.8429366926825943,10000,<ORIGINAL_PROJECT_ROOT>/study_results/NUEVOS/MODELING/CT_axisA_common_neutral_mlp/preds/preds_test__LR__A-VS__B-OFF__N-OFF__C-OFF.csv,<ORIGINAL_PROJECT_ROOT>/study_results/NUEVOS/MODELING/CT_axisA_common_neutral_mlp/results_models.csv
CT,internal held-out,"Paper 1 NUEVOS common-neutral Axis A-only baseline (B=OFF, N=OFF, C=OFF)",VS,XGB,135,75,60,0.7625555555555555,0.6746195526298003,0.8423661581558315,10000,<ORIGINAL_PROJECT_ROOT>/study_results/NUEVOS/MODELING/CT_axisA_common_neutral_mlp/preds/preds_test__XGB__A-VS__B-OFF__N-OFF__C-OFF.csv,<ORIGINAL_PROJECT_ROOT>/study_results/NUEVOS/MODELING/CT_axisA_common_neutral_mlp/results_models.csv
CT,internal held-out,"Paper 1 NUEVOS common-neutral Axis A-only baseline (B=OFF, N=OFF, C=OFF)",VS,MLP,135,75,60,0.7815555555555557,0.7009083416583417,0.8580252494809457,10000,<ORIGINAL_PROJECT_ROOT>/study_results/NUEVOS/MODELING/CT_axisA_common_neutral_mlp/preds/preds_test__MLP__A-VS__B-OFF__N-OFF__C-OFF.csv,<ORIGINAL_PROJECT_ROOT>/study_results/NUEVOS/MODELING/CT_axisA_common_neutral_mlp/results_models.csv
CT,internal held-out,"Paper 1 NUEVOS common-neutral Axis A-only baseline (B=OFF, N=OFF, C=OFF)",FK,LR,135,75,60,0.7628888888888888,0.6759245961604556,0.8429366926825943,10000,<ORIGINAL_PROJECT_ROOT>/study_results/NUEVOS/MODELING/CT_axisA_common_neutral_mlp/preds/preds_test__LR__A-FK__B-OFF__N-OFF__C-OFF.csv,<ORIGINAL_PROJECT_ROOT>/study_results/NUEVOS/MODELING/CT_axisA_common_neutral_mlp/results_models.csv
CT,internal held-out,"Paper 1 NUEVOS common-neutral Axis A-only baseline (B=OFF, N=OFF, C=OFF)",FK,XGB,135,75,60,0.7625555555555555,0.6746195526298003,0.8423661581558315,10000,<ORIGINAL_PROJECT_ROOT>/study_results/NUEVOS/MODELING/CT_axisA_common_neutral_mlp/preds/preds_test__XGB__A-FK__B-OFF__N-OFF__C-OFF.csv,<ORIGINAL_PROJECT_ROOT>/study_results/NUEVOS/MODELING/CT_axisA_common_neutral_mlp/results_models.csv
CT,internal held-out,"Paper 1 NUEVOS common-neutral Axis A-only baseline (B=OFF, N=OFF, C=OFF)",FK,MLP,135,75,60,0.7815555555555557,0.7009083416583417,0.8580252494809457,10000,<ORIGINAL_PROJECT_ROOT>/study_results/NUEVOS/MODELING/CT_axisA_common_neutral_mlp/preds/preds_test__MLP__A-FK__B-OFF__N-OFF__C-OFF.csv,<ORIGINAL_PROJECT_ROOT>/study_results/NUEVOS/MODELING/CT_axisA_common_neutral_mlp/results_models.csv
MRI,internal held-out,"Paper 1 NUEVOS common-neutral Axis A-only baseline (B=OFF, N=OFF, C=OFF)",NR,LR,45,14,31,0.6382488479262673,0.4567886396011396,0.804147465437788,10000,<ORIGINAL_PROJECT_ROOT>/study_results/NUEVOS/MODELING/MRI_axisA_common_neutral_mlp/preds/preds_test__LR__A-NR__B-OFF__N-OFF__C-OFF.csv,<ORIGINAL_PROJECT_ROOT>/study_results/NUEVOS/MODELING/MRI_axisA_common_neutral_mlp/results_models.csv
MRI,internal held-out,"Paper 1 NUEVOS common-neutral Axis A-only baseline (B=OFF, N=OFF, C=OFF)",NR,XGB,45,14,31,0.5576036866359446,0.36888383838383837,0.7403846153846154,10000,<ORIGINAL_PROJECT_ROOT>/study_results/NUEVOS/MODELING/MRI_axisA_common_neutral_mlp/preds/preds_test__XGB__A-NR__B-OFF__N-OFF__C-OFF.csv,<ORIGINAL_PROJECT_ROOT>/study_results/NUEVOS/MODELING/MRI_axisA_common_neutral_mlp/results_models.csv
MRI,internal held-out,"Paper 1 NUEVOS common-neutral Axis A-only baseline (B=OFF, N=OFF, C=OFF)",NR,MLP,45,14,31,0.7027649769585254,0.5279944444444444,0.8535353535353535,10000,<ORIGINAL_PROJECT_ROOT>/study_results/NUEVOS/MODELING/MRI_axisA_common_neutral_mlp/preds/preds_test__MLP__A-NR__B-OFF__N-OFF__C-OFF.csv,<ORIGINAL_PROJECT_ROOT>/study_results/NUEVOS/MODELING/MRI_axisA_common_neutral_mlp/results_models.csv
MRI,internal held-out,"Paper 1 NUEVOS common-neutral Axis A-only baseline (B=OFF, N=OFF, C=OFF)",RS,LR,45,14,31,0.599078341013825,0.4177619047619048,0.7672413793103449,10000,<ORIGINAL_PROJECT_ROOT>/study_results/NUEVOS/MODELING/MRI_axisA_common_neutral_mlp/preds/preds_test__LR__A-RS__B-OFF__N-OFF__C-OFF.csv,<ORIGINAL_PROJECT_ROOT>/study_results/NUEVOS/MODELING/MRI_axisA_common_neutral_mlp/results_models.csv
MRI,internal held-out,"Paper 1 NUEVOS common-neutral Axis A-only baseline (B=OFF, N=OFF, C=OFF)",RS,XGB,45,14,31,0.6290322580645161,0.46392780172413794,0.7836612654320987,10000,<ORIGINAL_PROJECT_ROOT>/study_results/NUEVOS/MODELING/MRI_axisA_common_neutral_mlp/preds/preds_test__XGB__A-RS__B-OFF__N-OFF__C-OFF.csv,<ORIGINAL_PROJECT_ROOT>/study_results/NUEVOS/MODELING/MRI_axisA_common_neutral_mlp/results_models.csv
MRI,internal held-out,"Paper 1 NUEVOS common-neutral Axis A-only baseline (B=OFF, N=OFF, C=OFF)",RS,MLP,45,14,31,0.6682027649769585,0.4831927723012282,0.834482746635524,10000,<ORIGINAL_PROJECT_ROOT>/study_results/NUEVOS/MODELING/MRI_axisA_common_neutral_mlp/preds/preds_test__MLP__A-RS__B-OFF__N-OFF__C-OFF.csv,<ORIGINAL_PROJECT_ROOT>/study_results/NUEVOS/MODELING/MRI_axisA_common_neutral_mlp/results_models.csv
MRI,internal held-out,"Paper 1 NUEVOS common-neutral Axis A-only baseline (B=OFF, N=OFF, C=OFF)",VS,LR,45,14,31,0.7004608294930876,0.5299539170506913,0.8502031287897163,10000,<ORIGINAL_PROJECT_ROOT>/study_results/NUEVOS/MODELING/MRI_axisA_common_neutral_mlp/preds/preds_test__LR__A-VS__B-OFF__N-OFF__C-OFF.csv,<ORIGINAL_PROJECT_ROOT>/study_results/NUEVOS/MODELING/MRI_axisA_common_neutral_mlp/results_models.csv
MRI,internal held-out,"Paper 1 NUEVOS common-neutral Axis A-only baseline (B=OFF, N=OFF, C=OFF)",VS,XGB,45,14,31,0.38018433179723504,0.21336135057471264,0.5555555555555556,10000,<ORIGINAL_PROJECT_ROOT>/study_results/NUEVOS/MODELING/MRI_axisA_common_neutral_mlp/preds/preds_test__XGB__A-VS__B-OFF__N-OFF__C-OFF.csv,<ORIGINAL_PROJECT_ROOT>/study_results/NUEVOS/MODELING/MRI_axisA_common_neutral_mlp/results_models.csv
MRI,internal held-out,"Paper 1 NUEVOS common-neutral Axis A-only baseline (B=OFF, N=OFF, C=OFF)",VS,MLP,45,14,31,0.48156682027649766,0.2926155866568053,0.6680706153429112,10000,<ORIGINAL_PROJECT_ROOT>/study_results/NUEVOS/MODELING/MRI_axisA_common_neutral_mlp/preds/preds_test__MLP__A-VS__B-OFF__N-OFF__C-OFF.csv,<ORIGINAL_PROJECT_ROOT>/study_results/NUEVOS/MODELING/MRI_axisA_common_neutral_mlp/results_models.csv
MRI,internal held-out,"Paper 1 NUEVOS common-neutral Axis A-only baseline (B=OFF, N=OFF, C=OFF)",FK,LR,45,14,31,0.5737327188940091,0.38271604938271603,0.7575757575757576,10000,<ORIGINAL_PROJECT_ROOT>/study_results/NUEVOS/MODELING/MRI_axisA_common_neutral_mlp/preds/preds_test__LR__A-FK__B-OFF__N-OFF__C-OFF.csv,<ORIGINAL_PROJECT_ROOT>/study_results/NUEVOS/MODELING/MRI_axisA_common_neutral_mlp/results_models.csv
MRI,internal held-out,"Paper 1 NUEVOS common-neutral Axis A-only baseline (B=OFF, N=OFF, C=OFF)",FK,XGB,45,14,31,0.5207373271889402,0.34847088395475495,0.6919191919191919,10000,<ORIGINAL_PROJECT_ROOT>/study_results/NUEVOS/MODELING/MRI_axisA_common_neutral_mlp/preds/preds_test__XGB__A-FK__B-OFF__N-OFF__C-OFF.csv,<ORIGINAL_PROJECT_ROOT>/study_results/NUEVOS/MODELING/MRI_axisA_common_neutral_mlp/results_models.csv
MRI,internal held-out,"Paper 1 NUEVOS common-neutral Axis A-only baseline (B=OFF, N=OFF, C=OFF)",FK,MLP,45,14,31,0.6428571428571429,0.4599969135802469,0.8087557603686636,10000,<ORIGINAL_PROJECT_ROOT>/study_results/NUEVOS/MODELING/MRI_axisA_common_neutral_mlp/preds/preds_test__MLP__A-FK__B-OFF__N-OFF__C-OFF.csv,<ORIGINAL_PROJECT_ROOT>/study_results/NUEVOS/MODELING/MRI_axisA_common_neutral_mlp/results_models.csv
CT,external,"Paper 1 NUEVOS common-neutral Axis A-only baseline (B=OFF, N=OFF, C=OFF)",NR,LR,46,23,23,0.6162570888468809,0.4498959402286435,0.7752380952380953,10000,<ORIGINAL_PROJECT_ROOT>/study_results/NUEVOS/extvalidation/CT_MLP_common_neutral/CT_axisA_common_neutral_mlp/external_predictions__bundle__LR__A-NR__B-OFF__N-OFF__C-OFF.csv,<ORIGINAL_PROJECT_ROOT>/study_results/NUEVOS/extvalidation/CT_MLP_common_neutral/external_validation_summary_all.csv
CT,external,"Paper 1 NUEVOS common-neutral Axis A-only baseline (B=OFF, N=OFF, C=OFF)",NR,XGB,46,23,23,0.5897920604914935,0.41911728872835685,0.7548477041283004,10000,<ORIGINAL_PROJECT_ROOT>/study_results/NUEVOS/extvalidation/CT_MLP_common_neutral/CT_axisA_common_neutral_mlp/external_predictions__bundle__XGB__A-NR__B-OFF__N-OFF__C-OFF.csv,<ORIGINAL_PROJECT_ROOT>/study_results/NUEVOS/extvalidation/CT_MLP_common_neutral/external_validation_summary_all.csv
CT,external,"Paper 1 NUEVOS common-neutral Axis A-only baseline (B=OFF, N=OFF, C=OFF)",NR,MLP,46,23,23,0.6483931947069943,0.47619047619047616,0.8068181818181818,10000,<ORIGINAL_PROJECT_ROOT>/study_results/NUEVOS/extvalidation/CT_MLP_common_neutral/CT_axisA_common_neutral_mlp/external_predictions__bundle__MLP__A-NR__B-OFF__N-OFF__C-OFF.csv,<ORIGINAL_PROJECT_ROOT>/study_results/NUEVOS/extvalidation/CT_MLP_common_neutral/external_validation_summary_all.csv
CT,external,"Paper 1 NUEVOS common-neutral Axis A-only baseline (B=OFF, N=OFF, C=OFF)",RS,LR,46,23,23,0.46502835538752363,0.29713394544963545,0.6427293330894159,10000,<ORIGINAL_PROJECT_ROOT>/study_results/NUEVOS/extvalidation/CT_MLP_common_neutral/CT_axisA_common_neutral_mlp/external_predictions__bundle__LR__A-RS__B-OFF__N-OFF__C-OFF.csv,<ORIGINAL_PROJECT_ROOT>/study_results/NUEVOS/extvalidation/CT_MLP_common_neutral/external_validation_summary_all.csv
CT,external,"Paper 1 NUEVOS common-neutral Axis A-only baseline (B=OFF, N=OFF, C=OFF)",RS,XGB,46,23,23,0.2844990548204159,0.14583333333333334,0.4419047619047619,10000,<ORIGINAL_PROJECT_ROOT>/study_results/NUEVOS/extvalidation/CT_MLP_common_neutral/CT_axisA_common_neutral_mlp/external_predictions__bundle__XGB__A-RS__B-OFF__N-OFF__C-OFF.csv,<ORIGINAL_PROJECT_ROOT>/study_results/NUEVOS/extvalidation/CT_MLP_common_neutral/external_validation_summary_all.csv
CT,external,"Paper 1 NUEVOS common-neutral Axis A-only baseline (B=OFF, N=OFF, C=OFF)",RS,MLP,46,23,23,0.5274102079395084,0.3523809523809524,0.7047619047619048,10000,<ORIGINAL_PROJECT_ROOT>/study_results/NUEVOS/extvalidation/CT_MLP_common_neutral/CT_axisA_common_neutral_mlp/external_predictions__bundle__MLP__A-RS__B-OFF__N-OFF__C-OFF.csv,<ORIGINAL_PROJECT_ROOT>/study_results/NUEVOS/extvalidation/CT_MLP_common_neutral/external_validation_summary_all.csv
CT,external,"Paper 1 NUEVOS common-neutral Axis A-only baseline (B=OFF, N=OFF, C=OFF)",VS,LR,46,23,23,0.6162570888468809,0.4498959402286435,0.7752380952380953,10000,<ORIGINAL_PROJECT_ROOT>/study_results/NUEVOS/extvalidation/CT_MLP_common_neutral/CT_axisA_common_neutral_mlp/external_predictions__bundle__LR__A-VS__B-OFF__N-OFF__C-OFF.csv,<ORIGINAL_PROJECT_ROOT>/study_results/NUEVOS/extvalidation/CT_MLP_common_neutral/external_validation_summary_all.csv
CT,external,"Paper 1 NUEVOS common-neutral Axis A-only baseline (B=OFF, N=OFF, C=OFF)",VS,XGB,46,23,23,0.5897920604914935,0.41911728872835685,0.7548477041283004,10000,<ORIGINAL_PROJECT_ROOT>/study_results/NUEVOS/extvalidation/CT_MLP_common_neutral/CT_axisA_common_neutral_mlp/external_predictions__bundle__XGB__A-VS__B-OFF__N-OFF__C-OFF.csv,<ORIGINAL_PROJECT_ROOT>/study_results/NUEVOS/extvalidation/CT_MLP_common_neutral/external_validation_summary_all.csv
CT,external,"Paper 1 NUEVOS common-neutral Axis A-only baseline (B=OFF, N=OFF, C=OFF)",VS,MLP,46,23,23,0.6483931947069943,0.47619047619047616,0.8068181818181818,10000,<ORIGINAL_PROJECT_ROOT>/study_results/NUEVOS/extvalidation/CT_MLP_common_neutral/CT_axisA_common_neutral_mlp/external_predictions__bundle__MLP__A-VS__B-OFF__N-OFF__C-OFF.csv,<ORIGINAL_PROJECT_ROOT>/study_results/NUEVOS/extvalidation/CT_MLP_common_neutral/external_validation_summary_all.csv
CT,external,"Paper 1 NUEVOS common-neutral Axis A-only baseline (B=OFF, N=OFF, C=OFF)",FK,LR,46,23,23,0.6162570888468809,0.4498959402286435,0.7752380952380953,10000,<ORIGINAL_PROJECT_ROOT>/study_results/NUEVOS/extvalidation/CT_MLP_common_neutral/CT_axisA_common_neutral_mlp/external_predictions__bundle__LR__A-FK__B-OFF__N-OFF__C-OFF.csv,<ORIGINAL_PROJECT_ROOT>/study_results/NUEVOS/extvalidation/CT_MLP_common_neutral/external_validation_summary_all.csv
CT,external,"Paper 1 NUEVOS common-neutral Axis A-only baseline (B=OFF, N=OFF, C=OFF)",FK,XGB,46,23,23,0.5897920604914935,0.41911728872835685,0.7548477041283004,10000,<ORIGINAL_PROJECT_ROOT>/study_results/NUEVOS/extvalidation/CT_MLP_common_neutral/CT_axisA_common_neutral_mlp/external_predictions__bundle__XGB__A-FK__B-OFF__N-OFF__C-OFF.csv,<ORIGINAL_PROJECT_ROOT>/study_results/NUEVOS/extvalidation/CT_MLP_common_neutral/external_validation_summary_all.csv
CT,external,"Paper 1 NUEVOS common-neutral Axis A-only baseline (B=OFF, N=OFF, C=OFF)",FK,MLP,46,23,23,0.6483931947069943,0.47619047619047616,0.8068181818181818,10000,<ORIGINAL_PROJECT_ROOT>/study_results/NUEVOS/extvalidation/CT_MLP_common_neutral/CT_axisA_common_neutral_mlp/external_predictions__bundle__MLP__A-FK__B-OFF__N-OFF__C-OFF.csv,<ORIGINAL_PROJECT_ROOT>/study_results/NUEVOS/extvalidation/CT_MLP_common_neutral/external_validation_summary_all.csv
MRI,external,"Paper 1 NUEVOS common-neutral Axis A-only baseline (B=OFF, N=OFF, C=OFF)",NR,LR,63,30,33,0.41919191919191917,0.27775205761316873,0.5656565656565656,10000,<ORIGINAL_PROJECT_ROOT>/study_results/NUEVOS/extvalidation/MRI_MLP_common_neutral/MRI_axisA_common_neutral_mlp/external_predictions__bundle__LR__A-NR__B-OFF__N-OFF__C-OFF.csv,<ORIGINAL_PROJECT_ROOT>/study_results/NUEVOS/extvalidation/MRI_MLP_common_neutral/external_validation_summary_all.csv
MRI,external,"Paper 1 NUEVOS common-neutral Axis A-only baseline (B=OFF, N=OFF, C=OFF)",NR,XGB,63,30,33,0.456060606060606,0.31278986027371036,0.60101035868893,10000,<ORIGINAL_PROJECT_ROOT>/study_results/NUEVOS/extvalidation/MRI_MLP_common_neutral/MRI_axisA_common_neutral_mlp/external_predictions__bundle__XGB__A-NR__B-OFF__N-OFF__C-OFF.csv,<ORIGINAL_PROJECT_ROOT>/study_results/NUEVOS/extvalidation/MRI_MLP_common_neutral/external_validation_summary_all.csv
MRI,external,"Paper 1 NUEVOS common-neutral Axis A-only baseline (B=OFF, N=OFF, C=OFF)",NR,MLP,63,30,33,0.4565656565656566,0.313578442353644,0.6018154495221028,10000,<ORIGINAL_PROJECT_ROOT>/study_results/NUEVOS/extvalidation/MRI_MLP_common_neutral/MRI_axisA_common_neutral_mlp/external_predictions__bundle__MLP__A-NR__B-OFF__N-OFF__C-OFF.csv,<ORIGINAL_PROJECT_ROOT>/study_results/NUEVOS/extvalidation/MRI_MLP_common_neutral/external_validation_summary_all.csv
MRI,external,"Paper 1 NUEVOS common-neutral Axis A-only baseline (B=OFF, N=OFF, C=OFF)",RS,LR,63,30,33,0.5696969696969697,0.4204070317643186,0.7110238554881412,10000,<ORIGINAL_PROJECT_ROOT>/study_results/NUEVOS/extvalidation/MRI_MLP_common_neutral/MRI_axisA_common_neutral_mlp/external_predictions__bundle__LR__A-RS__B-OFF__N-OFF__C-OFF.csv,<ORIGINAL_PROJECT_ROOT>/study_results/NUEVOS/extvalidation/MRI_MLP_common_neutral/external_validation_summary_all.csv
MRI,external,"Paper 1 NUEVOS common-neutral Axis A-only baseline (B=OFF, N=OFF, C=OFF)",RS,XGB,63,30,33,0.5595959595959595,0.4151429098285082,0.7031696731748724,10000,<ORIGINAL_PROJECT_ROOT>/study_results/NUEVOS/extvalidation/MRI_MLP_common_neutral/MRI_axisA_common_neutral_mlp/external_predictions__bundle__XGB__A-RS__B-OFF__N-OFF__C-OFF.csv,<ORIGINAL_PROJECT_ROOT>/study_results/NUEVOS/extvalidation/MRI_MLP_common_neutral/external_validation_summary_all.csv
MRI,external,"Paper 1 NUEVOS common-neutral Axis A-only baseline (B=OFF, N=OFF, C=OFF)",RS,MLP,63,30,33,0.5555555555555556,0.40524193548387094,0.6955689123535954,10000,<ORIGINAL_PROJECT_ROOT>/study_results/NUEVOS/extvalidation/MRI_MLP_common_neutral/MRI_axisA_common_neutral_mlp/external_predictions__bundle__MLP__A-RS__B-OFF__N-OFF__C-OFF.csv,<ORIGINAL_PROJECT_ROOT>/study_results/NUEVOS/extvalidation/MRI_MLP_common_neutral/external_validation_summary_all.csv
MRI,external,"Paper 1 NUEVOS common-neutral Axis A-only baseline (B=OFF, N=OFF, C=OFF)",VS,LR,63,30,33,0.36717171717171715,0.23084677419354838,0.5111111111111111,10000,<ORIGINAL_PROJECT_ROOT>/study_results/NUEVOS/extvalidation/MRI_MLP_common_neutral/MRI_axisA_common_neutral_mlp/external_predictions__bundle__LR__A-VS__B-OFF__N-OFF__C-OFF.csv,<ORIGINAL_PROJECT_ROOT>/study_results/NUEVOS/extvalidation/MRI_MLP_common_neutral/external_validation_summary_all.csv
MRI,external,"Paper 1 NUEVOS common-neutral Axis A-only baseline (B=OFF, N=OFF, C=OFF)",VS,XGB,63,30,33,0.41717171717171714,0.2762096774193548,0.5642124060150376,10000,<ORIGINAL_PROJECT_ROOT>/study_results/NUEVOS/extvalidation/MRI_MLP_common_neutral/MRI_axisA_common_neutral_mlp/external_predictions__bundle__XGB__A-VS__B-OFF__N-OFF__C-OFF.csv,<ORIGINAL_PROJECT_ROOT>/study_results/NUEVOS/extvalidation/MRI_MLP_common_neutral/external_validation_summary_all.csv
MRI,external,"Paper 1 NUEVOS common-neutral Axis A-only baseline (B=OFF, N=OFF, C=OFF)",VS,MLP,63,30,33,0.5070707070707071,0.36210435571687843,0.6512102996814019,10000,<ORIGINAL_PROJECT_ROOT>/study_results/NUEVOS/extvalidation/MRI_MLP_common_neutral/MRI_axisA_common_neutral_mlp/external_predictions__bundle__MLP__A-VS__B-OFF__N-OFF__C-OFF.csv,<ORIGINAL_PROJECT_ROOT>/study_results/NUEVOS/extvalidation/MRI_MLP_common_neutral/external_validation_summary_all.csv
MRI,external,"Paper 1 NUEVOS common-neutral Axis A-only baseline (B=OFF, N=OFF, C=OFF)",FK,LR,63,30,33,0.6313131313131313,0.4884074960127592,0.7646479500891266,10000,<ORIGINAL_PROJECT_ROOT>/study_results/NUEVOS/extvalidation/MRI_MLP_common_neutral/MRI_axisA_common_neutral_mlp/external_predictions__bundle__LR__A-FK__B-OFF__N-OFF__C-OFF.csv,<ORIGINAL_PROJECT_ROOT>/study_results/NUEVOS/extvalidation/MRI_MLP_common_neutral/external_validation_summary_all.csv
MRI,external,"Paper 1 NUEVOS common-neutral Axis A-only baseline (B=OFF, N=OFF, C=OFF)",FK,XGB,63,30,33,0.5606060606060606,0.4146016900637196,0.7070707070707071,10000,<ORIGINAL_PROJECT_ROOT>/study_results/NUEVOS/extvalidation/MRI_MLP_common_neutral/MRI_axisA_common_neutral_mlp/external_predictions__bundle__XGB__A-FK__B-OFF__N-OFF__C-OFF.csv,<ORIGINAL_PROJECT_ROOT>/study_results/NUEVOS/extvalidation/MRI_MLP_common_neutral/external_validation_summary_all.csv
MRI,external,"Paper 1 NUEVOS common-neutral Axis A-only baseline (B=OFF, N=OFF, C=OFF)",FK,MLP,63,30,33,0.6747474747474748,0.5304228901591985,0.8073038859827052,10000,<ORIGINAL_PROJECT_ROOT>/study_results/NUEVOS/extvalidation/MRI_MLP_common_neutral/MRI_axisA_common_neutral_mlp/external_predictions__bundle__MLP__A-FK__B-OFF__N-OFF__C-OFF.csv,<ORIGINAL_PROJECT_ROOT>/study_results/NUEVOS/extvalidation/MRI_MLP_common_neutral/external_validation_summary_all.csv
