original_path	relative_path	category	purpose
<ORIGINAL_PROJECT_ROOT>/results/ready/merged_homogeneous/radiomics_no_resample_exp_merged.csv	data/derived_features/CT/internal/merged_homogeneous/radiomics_CT_NR.csv	derived_feature_csv	Final Paper 1 Axis A B/OFF N/OFF C/OFF derived radiomic features
<ORIGINAL_PROJECT_ROOT>/results/ready/merged_homogeneous/radiomics_resample_exp_merged.csv	data/derived_features/CT/internal/merged_homogeneous/radiomics_CT_RS.csv	derived_feature_csv	Final Paper 1 Axis A B/OFF N/OFF C/OFF derived radiomic features
<ORIGINAL_PROJECT_ROOT>/results/ready/merged_homogeneous/radiomics_VS_exp_merged.csv	data/derived_features/CT/internal/merged_homogeneous/radiomics_CT_VS.csv	derived_feature_csv	Final Paper 1 Axis A B/OFF N/OFF C/OFF derived radiomic features
<ORIGINAL_PROJECT_ROOT>/results/ready/merged_homogeneous/radiomics_fake_exp_merged.csv	data/derived_features/CT/internal/merged_homogeneous/radiomics_CT_FK.csv	derived_feature_csv	Final Paper 1 Axis A B/OFF N/OFF C/OFF derived radiomic features
<ORIGINAL_PROJECT_ROOT>/results/MRIready/merged_homogeneous/radiomics_MRI_NR_merged.csv	data/derived_features/MRI/internal/merged_homogeneous/radiomics_MRI_NR.csv	derived_feature_csv	Final Paper 1 Axis A B/OFF N/OFF C/OFF derived radiomic features; dropped privacy-redundant columns ['patient_id_short']
<ORIGINAL_PROJECT_ROOT>/results/MRIready/merged_homogeneous/radiomics_MRI_RS_merged.csv	data/derived_features/MRI/internal/merged_homogeneous/radiomics_MRI_RS.csv	derived_feature_csv	Final Paper 1 Axis A B/OFF N/OFF C/OFF derived radiomic features; dropped privacy-redundant columns ['patient_id_short']
<ORIGINAL_PROJECT_ROOT>/results/MRIready/merged_homogeneous/radiomics_MRI_VS_merged.csv	data/derived_features/MRI/internal/merged_homogeneous/radiomics_MRI_VS.csv	derived_feature_csv	Final Paper 1 Axis A B/OFF N/OFF C/OFF derived radiomic features; dropped privacy-redundant columns ['patient_id_short']
<ORIGINAL_PROJECT_ROOT>/results/MRIready/merged_homogeneous/radiomics_MRI_NR_fake_merged.csv	data/derived_features/MRI/internal/merged_homogeneous/radiomics_MRI_FK.csv	derived_feature_csv	Final Paper 1 Axis A B/OFF N/OFF C/OFF derived radiomic features; dropped privacy-redundant columns ['patient_id_short']
<ORIGINAL_PROJECT_ROOT>/results/CTexvalready/merged_homogeneous/radiomics_CT_NR.csv	data/derived_features/CT/external/merged_homogeneous/radiomics_CT_NR.csv	derived_feature_csv	Final Paper 1 Axis A B/OFF N/OFF C/OFF derived radiomic features; dropped privacy-redundant columns ['patient_id_original', 'ID']
<ORIGINAL_PROJECT_ROOT>/results/CTexvalready/merged_homogeneous/radiomics_CT_RS.csv	data/derived_features/CT/external/merged_homogeneous/radiomics_CT_RS.csv	derived_feature_csv	Final Paper 1 Axis A B/OFF N/OFF C/OFF derived radiomic features; dropped privacy-redundant columns ['patient_id_original', 'ID']
<ORIGINAL_PROJECT_ROOT>/results/CTexvalready/merged_homogeneous/radiomics_CT_VS.csv	data/derived_features/CT/external/merged_homogeneous/radiomics_CT_VS.csv	derived_feature_csv	Final Paper 1 Axis A B/OFF N/OFF C/OFF derived radiomic features; dropped privacy-redundant columns ['patient_id_original', 'ID']
<ORIGINAL_PROJECT_ROOT>/results/CTexvalready/merged_homogeneous/radiomics_CT_FK.csv	data/derived_features/CT/external/merged_homogeneous/radiomics_CT_FK.csv	derived_feature_csv	Final Paper 1 Axis A B/OFF N/OFF C/OFF derived radiomic features; dropped privacy-redundant columns ['patient_id_original', 'ID']
<ORIGINAL_PROJECT_ROOT>/results/MRIexvalready/merged_homogeneous/radiomics_MRI_NR.csv	data/derived_features/MRI/external/merged_homogeneous/radiomics_MRI_NR.csv	derived_feature_csv	Final Paper 1 Axis A B/OFF N/OFF C/OFF derived radiomic features; dropped privacy-redundant columns ['patient_id_original', 'ID', 'patient_id_short']
<ORIGINAL_PROJECT_ROOT>/results/MRIexvalready/merged_homogeneous/radiomics_MRI_RS.csv	data/derived_features/MRI/external/merged_homogeneous/radiomics_MRI_RS.csv	derived_feature_csv	Final Paper 1 Axis A B/OFF N/OFF C/OFF derived radiomic features; dropped privacy-redundant columns ['patient_id_original', 'ID', 'patient_id_short']
<ORIGINAL_PROJECT_ROOT>/results/MRIexvalready/merged_homogeneous/radiomics_MRI_VS.csv	data/derived_features/MRI/external/merged_homogeneous/radiomics_MRI_VS.csv	derived_feature_csv	Final Paper 1 Axis A B/OFF N/OFF C/OFF derived radiomic features; dropped privacy-redundant columns ['patient_id_original', 'ID', 'patient_id_short']
<ORIGINAL_PROJECT_ROOT>/results/MRIexvalready/merged_homogeneous/radiomics_MRI_FK.csv	data/derived_features/MRI/external/merged_homogeneous/radiomics_MRI_FK.csv	derived_feature_csv	Final Paper 1 Axis A B/OFF N/OFF C/OFF derived radiomic features; dropped privacy-redundant columns ['patient_id_original', 'ID', 'patient_id_short']
<ORIGINAL_PROJECT_ROOT>/scripts/binwidth.py	scripts/binwidth.py	script	Required/supporting Paper 1 analysis script
<ORIGINAL_PROJECT_ROOT>/scripts/analisis/PAPER1/icc_pairwise_axisA.py	scripts/statistics/icc_pairwise_axisA.py	script	Required/supporting Paper 1 analysis script
<ORIGINAL_PROJECT_ROOT>/scripts/analisis/PAPER1/estadistico.py	scripts/statistics/estadistico.py	script	Required/supporting Paper 1 analysis script
<ORIGINAL_PROJECT_ROOT>/scripts/analisis/PAPER1/ensemble.py	scripts/feature_selection/ensemble.py	script	Required/supporting Paper 1 analysis script
<ORIGINAL_PROJECT_ROOT>/scripts/analisis/PAPER1/modeling.py	scripts/modeling/modeling.py	script	Required/supporting Paper 1 analysis script
<ORIGINAL_PROJECT_ROOT>/scripts/analisis/PAPER1/external_val.py	scripts/validation/external_val.py	script	Required/supporting Paper 1 analysis script
<ORIGINAL_PROJECT_ROOT>/study_results/axisA_bootstrap_auc_ci_NUEVOS_axisA_only/bootstrap_auc_ci.py	scripts/validation/bootstrap_auc_ci.py	script	Required/supporting Paper 1 analysis script
<ORIGINAL_PROJECT_ROOT>/scripts/analisis/PAPER1/plot_modeling_results.py	scripts/figures/plot_modeling_results.py	script	Required/supporting Paper 1 analysis script
<ORIGINAL_PROJECT_ROOT>/scripts/analisis/PAPER1/run_modeling_axisA_sequential_nuevos.sh	scripts/modeling/run_modeling_axisA_examples.sh	script	Required/supporting Paper 1 analysis script
<ORIGINAL_PROJECT_ROOT>/scripts/analisis/PAPER1/run_external_val_nuevos.sh	scripts/validation/run_external_val_examples.sh	script	Required/supporting Paper 1 analysis script
<ORIGINAL_PROJECT_ROOT>/study_results/NUEVOS/MODELING/CT_axisA_common_neutral_mlp/results_models.csv	results/reference_outputs/modeling/CT_axisA_common_neutral_mlp/results_models.csv	reference_output	Final CT axisA_common_neutral_mlp modeling reference output
<ORIGINAL_PROJECT_ROOT>/study_results/NUEVOS/MODELING/CT_axisA_common_neutral_mlp/run_config.json	results/reference_outputs/modeling/CT_axisA_common_neutral_mlp/run_config.json	reference_output	Final CT axisA_common_neutral_mlp modeling reference output
<ORIGINAL_PROJECT_ROOT>/study_results/NUEVOS/MODELING/CT_axisA_common_neutral_mlp/source_inventory.csv	results/reference_outputs/modeling/CT_axisA_common_neutral_mlp/source_inventory.csv	reference_output	Final CT axisA_common_neutral_mlp modeling reference output
<ORIGINAL_PROJECT_ROOT>/study_results/NUEVOS/MODELING/CT_axisA_common_neutral_mlp/preds_test_all.csv	results/reference_outputs/modeling/CT_axisA_common_neutral_mlp/preds_test_all.csv	reference_output	Final CT axisA_common_neutral_mlp modeling reference output
<ORIGINAL_PROJECT_ROOT>/study_results/NUEVOS/MODELING/CT_axisA_common_neutral_mlp/selected_features/selected_features__A-FK__B-OFF__N-OFF__C-OFF__COMMON_NEUTRAL.csv	results/reference_outputs/modeling/CT_axisA_common_neutral_mlp/selected_features/selected_features__A-FK__B-OFF__N-OFF__C-OFF__COMMON_NEUTRAL.csv	reference_output	Final CT axisA_common_neutral_mlp selected feature/ranking output
<ORIGINAL_PROJECT_ROOT>/study_results/NUEVOS/MODELING/CT_axisA_common_neutral_mlp/selected_features/selected_features__A-NR__B-OFF__N-OFF__C-OFF__COMMON_NEUTRAL.csv	results/reference_outputs/modeling/CT_axisA_common_neutral_mlp/selected_features/selected_features__A-NR__B-OFF__N-OFF__C-OFF__COMMON_NEUTRAL.csv	reference_output	Final CT axisA_common_neutral_mlp selected feature/ranking output
<ORIGINAL_PROJECT_ROOT>/study_results/NUEVOS/MODELING/CT_axisA_common_neutral_mlp/selected_features/selected_features__A-RS__B-OFF__N-OFF__C-OFF__COMMON_NEUTRAL.csv	results/reference_outputs/modeling/CT_axisA_common_neutral_mlp/selected_features/selected_features__A-RS__B-OFF__N-OFF__C-OFF__COMMON_NEUTRAL.csv	reference_output	Final CT axisA_common_neutral_mlp selected feature/ranking output
<ORIGINAL_PROJECT_ROOT>/study_results/NUEVOS/MODELING/CT_axisA_common_neutral_mlp/selected_features/selected_features__A-VS__B-OFF__N-OFF__C-OFF__COMMON_NEUTRAL.csv	results/reference_outputs/modeling/CT_axisA_common_neutral_mlp/selected_features/selected_features__A-VS__B-OFF__N-OFF__C-OFF__COMMON_NEUTRAL.csv	reference_output	Final CT axisA_common_neutral_mlp selected feature/ranking output
<ORIGINAL_PROJECT_ROOT>/study_results/NUEVOS/MODELING/CT_axisA_common_neutral_mlp/selected_features/train_only_ensemble_ranking__A-FK__B-OFF__N-OFF__C-OFF.csv	results/reference_outputs/modeling/CT_axisA_common_neutral_mlp/selected_features/train_only_ensemble_ranking__A-FK__B-OFF__N-OFF__C-OFF.csv	reference_output	Final CT axisA_common_neutral_mlp selected feature/ranking output
<ORIGINAL_PROJECT_ROOT>/study_results/NUEVOS/MODELING/CT_axisA_common_neutral_mlp/selected_features/train_only_ensemble_ranking__A-NR__B-OFF__N-OFF__C-OFF.csv	results/reference_outputs/modeling/CT_axisA_common_neutral_mlp/selected_features/train_only_ensemble_ranking__A-NR__B-OFF__N-OFF__C-OFF.csv	reference_output	Final CT axisA_common_neutral_mlp selected feature/ranking output
<ORIGINAL_PROJECT_ROOT>/study_results/NUEVOS/MODELING/CT_axisA_common_neutral_mlp/selected_features/train_only_ensemble_ranking__A-RS__B-OFF__N-OFF__C-OFF.csv	results/reference_outputs/modeling/CT_axisA_common_neutral_mlp/selected_features/train_only_ensemble_ranking__A-RS__B-OFF__N-OFF__C-OFF.csv	reference_output	Final CT axisA_common_neutral_mlp selected feature/ranking output
<ORIGINAL_PROJECT_ROOT>/study_results/NUEVOS/MODELING/CT_axisA_common_neutral_mlp/selected_features/train_only_ensemble_ranking__A-VS__B-OFF__N-OFF__C-OFF.csv	results/reference_outputs/modeling/CT_axisA_common_neutral_mlp/selected_features/train_only_ensemble_ranking__A-VS__B-OFF__N-OFF__C-OFF.csv	reference_output	Final CT axisA_common_neutral_mlp selected feature/ranking output
<ORIGINAL_PROJECT_ROOT>/study_results/NUEVOS/MODELING/CT_axisA_per_arm_ensemble/results_models.csv	results/reference_outputs/modeling/CT_axisA_per_arm_ensemble/results_models.csv	reference_output	Final CT axisA_per_arm_ensemble modeling reference output
<ORIGINAL_PROJECT_ROOT>/study_results/NUEVOS/MODELING/CT_axisA_per_arm_ensemble/run_config.json	results/reference_outputs/modeling/CT_axisA_per_arm_ensemble/run_config.json	reference_output	Final CT axisA_per_arm_ensemble modeling reference output
<ORIGINAL_PROJECT_ROOT>/study_results/NUEVOS/MODELING/CT_axisA_per_arm_ensemble/source_inventory.csv	results/reference_outputs/modeling/CT_axisA_per_arm_ensemble/source_inventory.csv	reference_output	Final CT axisA_per_arm_ensemble modeling reference output
<ORIGINAL_PROJECT_ROOT>/study_results/NUEVOS/MODELING/CT_axisA_per_arm_ensemble/preds_test_all.csv	results/reference_outputs/modeling/CT_axisA_per_arm_ensemble/preds_test_all.csv	reference_output	Final CT axisA_per_arm_ensemble modeling reference output
<ORIGINAL_PROJECT_ROOT>/study_results/NUEVOS/MODELING/CT_axisA_per_arm_ensemble/selected_features/selected_features__A-FK__B-OFF__N-OFF__C-OFF__PER_ARM_ENSEMBLE.csv	results/reference_outputs/modeling/CT_axisA_per_arm_ensemble/selected_features/selected_features__A-FK__B-OFF__N-OFF__C-OFF__PER_ARM_ENSEMBLE.csv	reference_output	Final CT axisA_per_arm_ensemble selected feature/ranking output
<ORIGINAL_PROJECT_ROOT>/study_results/NUEVOS/MODELING/CT_axisA_per_arm_ensemble/selected_features/selected_features__A-NR__B-OFF__N-OFF__C-OFF__PER_ARM_ENSEMBLE.csv	results/reference_outputs/modeling/CT_axisA_per_arm_ensemble/selected_features/selected_features__A-NR__B-OFF__N-OFF__C-OFF__PER_ARM_ENSEMBLE.csv	reference_output	Final CT axisA_per_arm_ensemble selected feature/ranking output
<ORIGINAL_PROJECT_ROOT>/study_results/NUEVOS/MODELING/CT_axisA_per_arm_ensemble/selected_features/selected_features__A-RS__B-OFF__N-OFF__C-OFF__PER_ARM_ENSEMBLE.csv	results/reference_outputs/modeling/CT_axisA_per_arm_ensemble/selected_features/selected_features__A-RS__B-OFF__N-OFF__C-OFF__PER_ARM_ENSEMBLE.csv	reference_output	Final CT axisA_per_arm_ensemble selected feature/ranking output
<ORIGINAL_PROJECT_ROOT>/study_results/NUEVOS/MODELING/CT_axisA_per_arm_ensemble/selected_features/selected_features__A-VS__B-OFF__N-OFF__C-OFF__PER_ARM_ENSEMBLE.csv	results/reference_outputs/modeling/CT_axisA_per_arm_ensemble/selected_features/selected_features__A-VS__B-OFF__N-OFF__C-OFF__PER_ARM_ENSEMBLE.csv	reference_output	Final CT axisA_per_arm_ensemble selected feature/ranking output
<ORIGINAL_PROJECT_ROOT>/study_results/NUEVOS/MODELING/CT_axisA_per_arm_ensemble/selected_features/train_only_ensemble_ranking__A-FK__B-OFF__N-OFF__C-OFF.csv	results/reference_outputs/modeling/CT_axisA_per_arm_ensemble/selected_features/train_only_ensemble_ranking__A-FK__B-OFF__N-OFF__C-OFF.csv	reference_output	Final CT axisA_per_arm_ensemble selected feature/ranking output
<ORIGINAL_PROJECT_ROOT>/study_results/NUEVOS/MODELING/CT_axisA_per_arm_ensemble/selected_features/train_only_ensemble_ranking__A-NR__B-OFF__N-OFF__C-OFF.csv	results/reference_outputs/modeling/CT_axisA_per_arm_ensemble/selected_features/train_only_ensemble_ranking__A-NR__B-OFF__N-OFF__C-OFF.csv	reference_output	Final CT axisA_per_arm_ensemble selected feature/ranking output
<ORIGINAL_PROJECT_ROOT>/study_results/NUEVOS/MODELING/CT_axisA_per_arm_ensemble/selected_features/train_only_ensemble_ranking__A-RS__B-OFF__N-OFF__C-OFF.csv	results/reference_outputs/modeling/CT_axisA_per_arm_ensemble/selected_features/train_only_ensemble_ranking__A-RS__B-OFF__N-OFF__C-OFF.csv	reference_output	Final CT axisA_per_arm_ensemble selected feature/ranking output
<ORIGINAL_PROJECT_ROOT>/study_results/NUEVOS/MODELING/CT_axisA_per_arm_ensemble/selected_features/train_only_ensemble_ranking__A-VS__B-OFF__N-OFF__C-OFF.csv	results/reference_outputs/modeling/CT_axisA_per_arm_ensemble/selected_features/train_only_ensemble_ranking__A-VS__B-OFF__N-OFF__C-OFF.csv	reference_output	Final CT axisA_per_arm_ensemble selected feature/ranking output
<ORIGINAL_PROJECT_ROOT>/study_results/NUEVOS/MODELING/CT_axisA_full_features/results_models.csv	results/reference_outputs/modeling/CT_axisA_full_features/results_models.csv	reference_output	Final CT axisA_full_features modeling reference output
<ORIGINAL_PROJECT_ROOT>/study_results/NUEVOS/MODELING/CT_axisA_full_features/run_config.json	results/reference_outputs/modeling/CT_axisA_full_features/run_config.json	reference_output	Final CT axisA_full_features modeling reference output
<ORIGINAL_PROJECT_ROOT>/study_results/NUEVOS/MODELING/CT_axisA_full_features/source_inventory.csv	results/reference_outputs/modeling/CT_axisA_full_features/source_inventory.csv	reference_output	Final CT axisA_full_features modeling reference output
<ORIGINAL_PROJECT_ROOT>/study_results/NUEVOS/MODELING/CT_axisA_full_features/preds_test_all.csv	results/reference_outputs/modeling/CT_axisA_full_features/preds_test_all.csv	reference_output	Final CT axisA_full_features modeling reference output
<ORIGINAL_PROJECT_ROOT>/study_results/NUEVOS/MODELING/CT_axisA_full_features/selected_features/selected_features__A-FK__B-OFF__N-OFF__C-OFF__FULL_FEATURES.csv	results/reference_outputs/modeling/CT_axisA_full_features/selected_features/selected_features__A-FK__B-OFF__N-OFF__C-OFF__FULL_FEATURES.csv	reference_output	Final CT axisA_full_features selected feature/ranking output
<ORIGINAL_PROJECT_ROOT>/study_results/NUEVOS/MODELING/CT_axisA_full_features/selected_features/selected_features__A-NR__B-OFF__N-OFF__C-OFF__FULL_FEATURES.csv	results/reference_outputs/modeling/CT_axisA_full_features/selected_features/selected_features__A-NR__B-OFF__N-OFF__C-OFF__FULL_FEATURES.csv	reference_output	Final CT axisA_full_features selected feature/ranking output
<ORIGINAL_PROJECT_ROOT>/study_results/NUEVOS/MODELING/CT_axisA_full_features/selected_features/selected_features__A-RS__B-OFF__N-OFF__C-OFF__FULL_FEATURES.csv	results/reference_outputs/modeling/CT_axisA_full_features/selected_features/selected_features__A-RS__B-OFF__N-OFF__C-OFF__FULL_FEATURES.csv	reference_output	Final CT axisA_full_features selected feature/ranking output
<ORIGINAL_PROJECT_ROOT>/study_results/NUEVOS/MODELING/CT_axisA_full_features/selected_features/selected_features__A-VS__B-OFF__N-OFF__C-OFF__FULL_FEATURES.csv	results/reference_outputs/modeling/CT_axisA_full_features/selected_features/selected_features__A-VS__B-OFF__N-OFF__C-OFF__FULL_FEATURES.csv	reference_output	Final CT axisA_full_features selected feature/ranking output
<ORIGINAL_PROJECT_ROOT>/study_results/NUEVOS/MODELING/MRI_axisA_common_neutral_mlp/results_models.csv	results/reference_outputs/modeling/MRI_axisA_common_neutral_mlp/results_models.csv	reference_output	Final MRI axisA_common_neutral_mlp modeling reference output
<ORIGINAL_PROJECT_ROOT>/study_results/NUEVOS/MODELING/MRI_axisA_common_neutral_mlp/run_config.json	results/reference_outputs/modeling/MRI_axisA_common_neutral_mlp/run_config.json	reference_output	Final MRI axisA_common_neutral_mlp modeling reference output
<ORIGINAL_PROJECT_ROOT>/study_results/NUEVOS/MODELING/MRI_axisA_common_neutral_mlp/source_inventory.csv	results/reference_outputs/modeling/MRI_axisA_common_neutral_mlp/source_inventory.csv	reference_output	Final MRI axisA_common_neutral_mlp modeling reference output
<ORIGINAL_PROJECT_ROOT>/study_results/NUEVOS/MODELING/MRI_axisA_common_neutral_mlp/preds_test_all.csv	results/reference_outputs/modeling/MRI_axisA_common_neutral_mlp/preds_test_all.csv	reference_output	Final MRI axisA_common_neutral_mlp modeling reference output
<ORIGINAL_PROJECT_ROOT>/study_results/NUEVOS/MODELING/MRI_axisA_common_neutral_mlp/selected_features/selected_features__A-FK__B-OFF__N-OFF__C-OFF__COMMON_NEUTRAL.csv	results/reference_outputs/modeling/MRI_axisA_common_neutral_mlp/selected_features/selected_features__A-FK__B-OFF__N-OFF__C-OFF__COMMON_NEUTRAL.csv	reference_output	Final MRI axisA_common_neutral_mlp selected feature/ranking output
<ORIGINAL_PROJECT_ROOT>/study_results/NUEVOS/MODELING/MRI_axisA_common_neutral_mlp/selected_features/selected_features__A-NR__B-OFF__N-OFF__C-OFF__COMMON_NEUTRAL.csv	results/reference_outputs/modeling/MRI_axisA_common_neutral_mlp/selected_features/selected_features__A-NR__B-OFF__N-OFF__C-OFF__COMMON_NEUTRAL.csv	reference_output	Final MRI axisA_common_neutral_mlp selected feature/ranking output
<ORIGINAL_PROJECT_ROOT>/study_results/NUEVOS/MODELING/MRI_axisA_common_neutral_mlp/selected_features/selected_features__A-RS__B-OFF__N-OFF__C-OFF__COMMON_NEUTRAL.csv	results/reference_outputs/modeling/MRI_axisA_common_neutral_mlp/selected_features/selected_features__A-RS__B-OFF__N-OFF__C-OFF__COMMON_NEUTRAL.csv	reference_output	Final MRI axisA_common_neutral_mlp selected feature/ranking output
<ORIGINAL_PROJECT_ROOT>/study_results/NUEVOS/MODELING/MRI_axisA_common_neutral_mlp/selected_features/selected_features__A-VS__B-OFF__N-OFF__C-OFF__COMMON_NEUTRAL.csv	results/reference_outputs/modeling/MRI_axisA_common_neutral_mlp/selected_features/selected_features__A-VS__B-OFF__N-OFF__C-OFF__COMMON_NEUTRAL.csv	reference_output	Final MRI axisA_common_neutral_mlp selected feature/ranking output
<ORIGINAL_PROJECT_ROOT>/study_results/NUEVOS/MODELING/MRI_axisA_common_neutral_mlp/selected_features/train_only_ensemble_ranking__A-FK__B-OFF__N-OFF__C-OFF.csv	results/reference_outputs/modeling/MRI_axisA_common_neutral_mlp/selected_features/train_only_ensemble_ranking__A-FK__B-OFF__N-OFF__C-OFF.csv	reference_output	Final MRI axisA_common_neutral_mlp selected feature/ranking output
<ORIGINAL_PROJECT_ROOT>/study_results/NUEVOS/MODELING/MRI_axisA_common_neutral_mlp/selected_features/train_only_ensemble_ranking__A-NR__B-OFF__N-OFF__C-OFF.csv	results/reference_outputs/modeling/MRI_axisA_common_neutral_mlp/selected_features/train_only_ensemble_ranking__A-NR__B-OFF__N-OFF__C-OFF.csv	reference_output	Final MRI axisA_common_neutral_mlp selected feature/ranking output
<ORIGINAL_PROJECT_ROOT>/study_results/NUEVOS/MODELING/MRI_axisA_common_neutral_mlp/selected_features/train_only_ensemble_ranking__A-RS__B-OFF__N-OFF__C-OFF.csv	results/reference_outputs/modeling/MRI_axisA_common_neutral_mlp/selected_features/train_only_ensemble_ranking__A-RS__B-OFF__N-OFF__C-OFF.csv	reference_output	Final MRI axisA_common_neutral_mlp selected feature/ranking output
<ORIGINAL_PROJECT_ROOT>/study_results/NUEVOS/MODELING/MRI_axisA_common_neutral_mlp/selected_features/train_only_ensemble_ranking__A-VS__B-OFF__N-OFF__C-OFF.csv	results/reference_outputs/modeling/MRI_axisA_common_neutral_mlp/selected_features/train_only_ensemble_ranking__A-VS__B-OFF__N-OFF__C-OFF.csv	reference_output	Final MRI axisA_common_neutral_mlp selected feature/ranking output
<ORIGINAL_PROJECT_ROOT>/study_results/NUEVOS/MODELING/MRI_axisA_per_arm_ensemble/results_models.csv	results/reference_outputs/modeling/MRI_axisA_per_arm_ensemble/results_models.csv	reference_output	Final MRI axisA_per_arm_ensemble modeling reference output
<ORIGINAL_PROJECT_ROOT>/study_results/NUEVOS/MODELING/MRI_axisA_per_arm_ensemble/run_config.json	results/reference_outputs/modeling/MRI_axisA_per_arm_ensemble/run_config.json	reference_output	Final MRI axisA_per_arm_ensemble modeling reference output
<ORIGINAL_PROJECT_ROOT>/study_results/NUEVOS/MODELING/MRI_axisA_per_arm_ensemble/source_inventory.csv	results/reference_outputs/modeling/MRI_axisA_per_arm_ensemble/source_inventory.csv	reference_output	Final MRI axisA_per_arm_ensemble modeling reference output
<ORIGINAL_PROJECT_ROOT>/study_results/NUEVOS/MODELING/MRI_axisA_per_arm_ensemble/preds_test_all.csv	results/reference_outputs/modeling/MRI_axisA_per_arm_ensemble/preds_test_all.csv	reference_output	Final MRI axisA_per_arm_ensemble modeling reference output
<ORIGINAL_PROJECT_ROOT>/study_results/NUEVOS/MODELING/MRI_axisA_per_arm_ensemble/selected_features/selected_features__A-FK__B-OFF__N-OFF__C-OFF__PER_ARM_ENSEMBLE.csv	results/reference_outputs/modeling/MRI_axisA_per_arm_ensemble/selected_features/selected_features__A-FK__B-OFF__N-OFF__C-OFF__PER_ARM_ENSEMBLE.csv	reference_output	Final MRI axisA_per_arm_ensemble selected feature/ranking output
<ORIGINAL_PROJECT_ROOT>/study_results/NUEVOS/MODELING/MRI_axisA_per_arm_ensemble/selected_features/selected_features__A-NR__B-OFF__N-OFF__C-OFF__PER_ARM_ENSEMBLE.csv	results/reference_outputs/modeling/MRI_axisA_per_arm_ensemble/selected_features/selected_features__A-NR__B-OFF__N-OFF__C-OFF__PER_ARM_ENSEMBLE.csv	reference_output	Final MRI axisA_per_arm_ensemble selected feature/ranking output
<ORIGINAL_PROJECT_ROOT>/study_results/NUEVOS/MODELING/MRI_axisA_per_arm_ensemble/selected_features/selected_features__A-RS__B-OFF__N-OFF__C-OFF__PER_ARM_ENSEMBLE.csv	results/reference_outputs/modeling/MRI_axisA_per_arm_ensemble/selected_features/selected_features__A-RS__B-OFF__N-OFF__C-OFF__PER_ARM_ENSEMBLE.csv	reference_output	Final MRI axisA_per_arm_ensemble selected feature/ranking output
<ORIGINAL_PROJECT_ROOT>/study_results/NUEVOS/MODELING/MRI_axisA_per_arm_ensemble/selected_features/selected_features__A-VS__B-OFF__N-OFF__C-OFF__PER_ARM_ENSEMBLE.csv	results/reference_outputs/modeling/MRI_axisA_per_arm_ensemble/selected_features/selected_features__A-VS__B-OFF__N-OFF__C-OFF__PER_ARM_ENSEMBLE.csv	reference_output	Final MRI axisA_per_arm_ensemble selected feature/ranking output
<ORIGINAL_PROJECT_ROOT>/study_results/NUEVOS/MODELING/MRI_axisA_per_arm_ensemble/selected_features/train_only_ensemble_ranking__A-FK__B-OFF__N-OFF__C-OFF.csv	results/reference_outputs/modeling/MRI_axisA_per_arm_ensemble/selected_features/train_only_ensemble_ranking__A-FK__B-OFF__N-OFF__C-OFF.csv	reference_output	Final MRI axisA_per_arm_ensemble selected feature/ranking output
<ORIGINAL_PROJECT_ROOT>/study_results/NUEVOS/MODELING/MRI_axisA_per_arm_ensemble/selected_features/train_only_ensemble_ranking__A-NR__B-OFF__N-OFF__C-OFF.csv	results/reference_outputs/modeling/MRI_axisA_per_arm_ensemble/selected_features/train_only_ensemble_ranking__A-NR__B-OFF__N-OFF__C-OFF.csv	reference_output	Final MRI axisA_per_arm_ensemble selected feature/ranking output
<ORIGINAL_PROJECT_ROOT>/study_results/NUEVOS/MODELING/MRI_axisA_per_arm_ensemble/selected_features/train_only_ensemble_ranking__A-RS__B-OFF__N-OFF__C-OFF.csv	results/reference_outputs/modeling/MRI_axisA_per_arm_ensemble/selected_features/train_only_ensemble_ranking__A-RS__B-OFF__N-OFF__C-OFF.csv	reference_output	Final MRI axisA_per_arm_ensemble selected feature/ranking output
<ORIGINAL_PROJECT_ROOT>/study_results/NUEVOS/MODELING/MRI_axisA_per_arm_ensemble/selected_features/train_only_ensemble_ranking__A-VS__B-OFF__N-OFF__C-OFF.csv	results/reference_outputs/modeling/MRI_axisA_per_arm_ensemble/selected_features/train_only_ensemble_ranking__A-VS__B-OFF__N-OFF__C-OFF.csv	reference_output	Final MRI axisA_per_arm_ensemble selected feature/ranking output
<ORIGINAL_PROJECT_ROOT>/study_results/NUEVOS/MODELING/MRI_axisA_full_features/results_models.csv	results/reference_outputs/modeling/MRI_axisA_full_features/results_models.csv	reference_output	Final MRI axisA_full_features modeling reference output
<ORIGINAL_PROJECT_ROOT>/study_results/NUEVOS/MODELING/MRI_axisA_full_features/run_config.json	results/reference_outputs/modeling/MRI_axisA_full_features/run_config.json	reference_output	Final MRI axisA_full_features modeling reference output
<ORIGINAL_PROJECT_ROOT>/study_results/NUEVOS/MODELING/MRI_axisA_full_features/source_inventory.csv	results/reference_outputs/modeling/MRI_axisA_full_features/source_inventory.csv	reference_output	Final MRI axisA_full_features modeling reference output
<ORIGINAL_PROJECT_ROOT>/study_results/NUEVOS/MODELING/MRI_axisA_full_features/preds_test_all.csv	results/reference_outputs/modeling/MRI_axisA_full_features/preds_test_all.csv	reference_output	Final MRI axisA_full_features modeling reference output
<ORIGINAL_PROJECT_ROOT>/study_results/NUEVOS/MODELING/MRI_axisA_full_features/selected_features/selected_features__A-FK__B-OFF__N-OFF__C-OFF__FULL_FEATURES.csv	results/reference_outputs/modeling/MRI_axisA_full_features/selected_features/selected_features__A-FK__B-OFF__N-OFF__C-OFF__FULL_FEATURES.csv	reference_output	Final MRI axisA_full_features selected feature/ranking output
<ORIGINAL_PROJECT_ROOT>/study_results/NUEVOS/MODELING/MRI_axisA_full_features/selected_features/selected_features__A-NR__B-OFF__N-OFF__C-OFF__FULL_FEATURES.csv	results/reference_outputs/modeling/MRI_axisA_full_features/selected_features/selected_features__A-NR__B-OFF__N-OFF__C-OFF__FULL_FEATURES.csv	reference_output	Final MRI axisA_full_features selected feature/ranking output
<ORIGINAL_PROJECT_ROOT>/study_results/NUEVOS/MODELING/MRI_axisA_full_features/selected_features/selected_features__A-RS__B-OFF__N-OFF__C-OFF__FULL_FEATURES.csv	results/reference_outputs/modeling/MRI_axisA_full_features/selected_features/selected_features__A-RS__B-OFF__N-OFF__C-OFF__FULL_FEATURES.csv	reference_output	Final MRI axisA_full_features selected feature/ranking output
<ORIGINAL_PROJECT_ROOT>/study_results/NUEVOS/MODELING/MRI_axisA_full_features/selected_features/selected_features__A-VS__B-OFF__N-OFF__C-OFF__FULL_FEATURES.csv	results/reference_outputs/modeling/MRI_axisA_full_features/selected_features/selected_features__A-VS__B-OFF__N-OFF__C-OFF__FULL_FEATURES.csv	reference_output	Final MRI axisA_full_features selected feature/ranking output
<ORIGINAL_PROJECT_ROOT>/study_results/NUEVOS/extvalidation/CT_MLP_common_neutral/external_validation_summary_all.csv	results/reference_outputs/external_validation/CT_MLP_common_neutral/external_validation_summary_all.csv	reference_output	Final CT external validation summary
<ORIGINAL_PROJECT_ROOT>/study_results/NUEVOS/extvalidation/CT_MLP_common_neutral/CT_axisA_common_neutral_mlp/external_predictions__bundle__LR__A-FK__B-OFF__N-OFF__C-OFF.csv	results/reference_outputs/external_validation/CT_MLP_common_neutral/CT_axisA_common_neutral_mlp/external_predictions__bundle__LR__A-FK__B-OFF__N-OFF__C-OFF.csv	reference_output	Final CT external prediction/metric output
<ORIGINAL_PROJECT_ROOT>/study_results/NUEVOS/extvalidation/CT_MLP_common_neutral/CT_axisA_common_neutral_mlp/external_predictions__bundle__LR__A-NR__B-OFF__N-OFF__C-OFF.csv	results/reference_outputs/external_validation/CT_MLP_common_neutral/CT_axisA_common_neutral_mlp/external_predictions__bundle__LR__A-NR__B-OFF__N-OFF__C-OFF.csv	reference_output	Final CT external prediction/metric output
<ORIGINAL_PROJECT_ROOT>/study_results/NUEVOS/extvalidation/CT_MLP_common_neutral/CT_axisA_common_neutral_mlp/external_predictions__bundle__LR__A-RS__B-OFF__N-OFF__C-OFF.csv	results/reference_outputs/external_validation/CT_MLP_common_neutral/CT_axisA_common_neutral_mlp/external_predictions__bundle__LR__A-RS__B-OFF__N-OFF__C-OFF.csv	reference_output	Final CT external prediction/metric output
<ORIGINAL_PROJECT_ROOT>/study_results/NUEVOS/extvalidation/CT_MLP_common_neutral/CT_axisA_common_neutral_mlp/external_predictions__bundle__LR__A-VS__B-OFF__N-OFF__C-OFF.csv	results/reference_outputs/external_validation/CT_MLP_common_neutral/CT_axisA_common_neutral_mlp/external_predictions__bundle__LR__A-VS__B-OFF__N-OFF__C-OFF.csv	reference_output	Final CT external prediction/metric output
<ORIGINAL_PROJECT_ROOT>/study_results/NUEVOS/extvalidation/CT_MLP_common_neutral/CT_axisA_common_neutral_mlp/external_predictions__bundle__MLP__A-FK__B-OFF__N-OFF__C-OFF.csv	results/reference_outputs/external_validation/CT_MLP_common_neutral/CT_axisA_common_neutral_mlp/external_predictions__bundle__MLP__A-FK__B-OFF__N-OFF__C-OFF.csv	reference_output	Final CT external prediction/metric output
<ORIGINAL_PROJECT_ROOT>/study_results/NUEVOS/extvalidation/CT_MLP_common_neutral/CT_axisA_common_neutral_mlp/external_predictions__bundle__MLP__A-NR__B-OFF__N-OFF__C-OFF.csv	results/reference_outputs/external_validation/CT_MLP_common_neutral/CT_axisA_common_neutral_mlp/external_predictions__bundle__MLP__A-NR__B-OFF__N-OFF__C-OFF.csv	reference_output	Final CT external prediction/metric output
<ORIGINAL_PROJECT_ROOT>/study_results/NUEVOS/extvalidation/CT_MLP_common_neutral/CT_axisA_common_neutral_mlp/external_predictions__bundle__MLP__A-RS__B-OFF__N-OFF__C-OFF.csv	results/reference_outputs/external_validation/CT_MLP_common_neutral/CT_axisA_common_neutral_mlp/external_predictions__bundle__MLP__A-RS__B-OFF__N-OFF__C-OFF.csv	reference_output	Final CT external prediction/metric output
<ORIGINAL_PROJECT_ROOT>/study_results/NUEVOS/extvalidation/CT_MLP_common_neutral/CT_axisA_common_neutral_mlp/external_predictions__bundle__MLP__A-VS__B-OFF__N-OFF__C-OFF.csv	results/reference_outputs/external_validation/CT_MLP_common_neutral/CT_axisA_common_neutral_mlp/external_predictions__bundle__MLP__A-VS__B-OFF__N-OFF__C-OFF.csv	reference_output	Final CT external prediction/metric output
<ORIGINAL_PROJECT_ROOT>/study_results/NUEVOS/extvalidation/CT_MLP_common_neutral/CT_axisA_common_neutral_mlp/external_predictions__bundle__XGB__A-FK__B-OFF__N-OFF__C-OFF.csv	results/reference_outputs/external_validation/CT_MLP_common_neutral/CT_axisA_common_neutral_mlp/external_predictions__bundle__XGB__A-FK__B-OFF__N-OFF__C-OFF.csv	reference_output	Final CT external prediction/metric output
<ORIGINAL_PROJECT_ROOT>/study_results/NUEVOS/extvalidation/CT_MLP_common_neutral/CT_axisA_common_neutral_mlp/external_predictions__bundle__XGB__A-NR__B-OFF__N-OFF__C-OFF.csv	results/reference_outputs/external_validation/CT_MLP_common_neutral/CT_axisA_common_neutral_mlp/external_predictions__bundle__XGB__A-NR__B-OFF__N-OFF__C-OFF.csv	reference_output	Final CT external prediction/metric output
<ORIGINAL_PROJECT_ROOT>/study_results/NUEVOS/extvalidation/CT_MLP_common_neutral/CT_axisA_common_neutral_mlp/external_predictions__bundle__XGB__A-RS__B-OFF__N-OFF__C-OFF.csv	results/reference_outputs/external_validation/CT_MLP_common_neutral/CT_axisA_common_neutral_mlp/external_predictions__bundle__XGB__A-RS__B-OFF__N-OFF__C-OFF.csv	reference_output	Final CT external prediction/metric output
<ORIGINAL_PROJECT_ROOT>/study_results/NUEVOS/extvalidation/CT_MLP_common_neutral/CT_axisA_common_neutral_mlp/external_predictions__bundle__XGB__A-VS__B-OFF__N-OFF__C-OFF.csv	results/reference_outputs/external_validation/CT_MLP_common_neutral/CT_axisA_common_neutral_mlp/external_predictions__bundle__XGB__A-VS__B-OFF__N-OFF__C-OFF.csv	reference_output	Final CT external prediction/metric output
<ORIGINAL_PROJECT_ROOT>/study_results/NUEVOS/extvalidation/CT_MLP_common_neutral/CT_axisA_common_neutral_mlp/external_metrics__bundle__LR__A-FK__B-OFF__N-OFF__C-OFF.json	results/reference_outputs/external_validation/CT_MLP_common_neutral/CT_axisA_common_neutral_mlp/external_metrics__bundle__LR__A-FK__B-OFF__N-OFF__C-OFF.json	reference_output	Final CT external prediction/metric output
<ORIGINAL_PROJECT_ROOT>/study_results/NUEVOS/extvalidation/CT_MLP_common_neutral/CT_axisA_common_neutral_mlp/external_metrics__bundle__LR__A-NR__B-OFF__N-OFF__C-OFF.json	results/reference_outputs/external_validation/CT_MLP_common_neutral/CT_axisA_common_neutral_mlp/external_metrics__bundle__LR__A-NR__B-OFF__N-OFF__C-OFF.json	reference_output	Final CT external prediction/metric output
<ORIGINAL_PROJECT_ROOT>/study_results/NUEVOS/extvalidation/CT_MLP_common_neutral/CT_axisA_common_neutral_mlp/external_metrics__bundle__LR__A-RS__B-OFF__N-OFF__C-OFF.json	results/reference_outputs/external_validation/CT_MLP_common_neutral/CT_axisA_common_neutral_mlp/external_metrics__bundle__LR__A-RS__B-OFF__N-OFF__C-OFF.json	reference_output	Final CT external prediction/metric output
<ORIGINAL_PROJECT_ROOT>/study_results/NUEVOS/extvalidation/CT_MLP_common_neutral/CT_axisA_common_neutral_mlp/external_metrics__bundle__LR__A-VS__B-OFF__N-OFF__C-OFF.json	results/reference_outputs/external_validation/CT_MLP_common_neutral/CT_axisA_common_neutral_mlp/external_metrics__bundle__LR__A-VS__B-OFF__N-OFF__C-OFF.json	reference_output	Final CT external prediction/metric output
<ORIGINAL_PROJECT_ROOT>/study_results/NUEVOS/extvalidation/CT_MLP_common_neutral/CT_axisA_common_neutral_mlp/external_metrics__bundle__MLP__A-FK__B-OFF__N-OFF__C-OFF.json	results/reference_outputs/external_validation/CT_MLP_common_neutral/CT_axisA_common_neutral_mlp/external_metrics__bundle__MLP__A-FK__B-OFF__N-OFF__C-OFF.json	reference_output	Final CT external prediction/metric output
<ORIGINAL_PROJECT_ROOT>/study_results/NUEVOS/extvalidation/CT_MLP_common_neutral/CT_axisA_common_neutral_mlp/external_metrics__bundle__MLP__A-NR__B-OFF__N-OFF__C-OFF.json	results/reference_outputs/external_validation/CT_MLP_common_neutral/CT_axisA_common_neutral_mlp/external_metrics__bundle__MLP__A-NR__B-OFF__N-OFF__C-OFF.json	reference_output	Final CT external prediction/metric output
<ORIGINAL_PROJECT_ROOT>/study_results/NUEVOS/extvalidation/CT_MLP_common_neutral/CT_axisA_common_neutral_mlp/external_metrics__bundle__MLP__A-RS__B-OFF__N-OFF__C-OFF.json	results/reference_outputs/external_validation/CT_MLP_common_neutral/CT_axisA_common_neutral_mlp/external_metrics__bundle__MLP__A-RS__B-OFF__N-OFF__C-OFF.json	reference_output	Final CT external prediction/metric output
<ORIGINAL_PROJECT_ROOT>/study_results/NUEVOS/extvalidation/CT_MLP_common_neutral/CT_axisA_common_neutral_mlp/external_metrics__bundle__MLP__A-VS__B-OFF__N-OFF__C-OFF.json	results/reference_outputs/external_validation/CT_MLP_common_neutral/CT_axisA_common_neutral_mlp/external_metrics__bundle__MLP__A-VS__B-OFF__N-OFF__C-OFF.json	reference_output	Final CT external prediction/metric output
<ORIGINAL_PROJECT_ROOT>/study_results/NUEVOS/extvalidation/CT_MLP_common_neutral/CT_axisA_common_neutral_mlp/external_metrics__bundle__XGB__A-FK__B-OFF__N-OFF__C-OFF.json	results/reference_outputs/external_validation/CT_MLP_common_neutral/CT_axisA_common_neutral_mlp/external_metrics__bundle__XGB__A-FK__B-OFF__N-OFF__C-OFF.json	reference_output	Final CT external prediction/metric output
<ORIGINAL_PROJECT_ROOT>/study_results/NUEVOS/extvalidation/CT_MLP_common_neutral/CT_axisA_common_neutral_mlp/external_metrics__bundle__XGB__A-NR__B-OFF__N-OFF__C-OFF.json	results/reference_outputs/external_validation/CT_MLP_common_neutral/CT_axisA_common_neutral_mlp/external_metrics__bundle__XGB__A-NR__B-OFF__N-OFF__C-OFF.json	reference_output	Final CT external prediction/metric output
<ORIGINAL_PROJECT_ROOT>/study_results/NUEVOS/extvalidation/CT_MLP_common_neutral/CT_axisA_common_neutral_mlp/external_metrics__bundle__XGB__A-RS__B-OFF__N-OFF__C-OFF.json	results/reference_outputs/external_validation/CT_MLP_common_neutral/CT_axisA_common_neutral_mlp/external_metrics__bundle__XGB__A-RS__B-OFF__N-OFF__C-OFF.json	reference_output	Final CT external prediction/metric output
<ORIGINAL_PROJECT_ROOT>/study_results/NUEVOS/extvalidation/CT_MLP_common_neutral/CT_axisA_common_neutral_mlp/external_metrics__bundle__XGB__A-VS__B-OFF__N-OFF__C-OFF.json	results/reference_outputs/external_validation/CT_MLP_common_neutral/CT_axisA_common_neutral_mlp/external_metrics__bundle__XGB__A-VS__B-OFF__N-OFF__C-OFF.json	reference_output	Final CT external prediction/metric output
<ORIGINAL_PROJECT_ROOT>/study_results/NUEVOS/extvalidation/MRI_MLP_common_neutral/external_validation_summary_all.csv	results/reference_outputs/external_validation/MRI_MLP_common_neutral/external_validation_summary_all.csv	reference_output	Final MRI external validation summary
<ORIGINAL_PROJECT_ROOT>/study_results/NUEVOS/extvalidation/MRI_MLP_common_neutral/MRI_axisA_common_neutral_mlp/external_predictions__bundle__LR__A-FK__B-OFF__N-OFF__C-OFF.csv	results/reference_outputs/external_validation/MRI_MLP_common_neutral/MRI_axisA_common_neutral_mlp/external_predictions__bundle__LR__A-FK__B-OFF__N-OFF__C-OFF.csv	reference_output	Final MRI external prediction/metric output
<ORIGINAL_PROJECT_ROOT>/study_results/NUEVOS/extvalidation/MRI_MLP_common_neutral/MRI_axisA_common_neutral_mlp/external_predictions__bundle__LR__A-NR__B-OFF__N-OFF__C-OFF.csv	results/reference_outputs/external_validation/MRI_MLP_common_neutral/MRI_axisA_common_neutral_mlp/external_predictions__bundle__LR__A-NR__B-OFF__N-OFF__C-OFF.csv	reference_output	Final MRI external prediction/metric output
<ORIGINAL_PROJECT_ROOT>/study_results/NUEVOS/extvalidation/MRI_MLP_common_neutral/MRI_axisA_common_neutral_mlp/external_predictions__bundle__LR__A-RS__B-OFF__N-OFF__C-OFF.csv	results/reference_outputs/external_validation/MRI_MLP_common_neutral/MRI_axisA_common_neutral_mlp/external_predictions__bundle__LR__A-RS__B-OFF__N-OFF__C-OFF.csv	reference_output	Final MRI external prediction/metric output
<ORIGINAL_PROJECT_ROOT>/study_results/NUEVOS/extvalidation/MRI_MLP_common_neutral/MRI_axisA_common_neutral_mlp/external_predictions__bundle__LR__A-VS__B-OFF__N-OFF__C-OFF.csv	results/reference_outputs/external_validation/MRI_MLP_common_neutral/MRI_axisA_common_neutral_mlp/external_predictions__bundle__LR__A-VS__B-OFF__N-OFF__C-OFF.csv	reference_output	Final MRI external prediction/metric output
<ORIGINAL_PROJECT_ROOT>/study_results/NUEVOS/extvalidation/MRI_MLP_common_neutral/MRI_axisA_common_neutral_mlp/external_predictions__bundle__MLP__A-FK__B-OFF__N-OFF__C-OFF.csv	results/reference_outputs/external_validation/MRI_MLP_common_neutral/MRI_axisA_common_neutral_mlp/external_predictions__bundle__MLP__A-FK__B-OFF__N-OFF__C-OFF.csv	reference_output	Final MRI external prediction/metric output
<ORIGINAL_PROJECT_ROOT>/study_results/NUEVOS/extvalidation/MRI_MLP_common_neutral/MRI_axisA_common_neutral_mlp/external_predictions__bundle__MLP__A-NR__B-OFF__N-OFF__C-OFF.csv	results/reference_outputs/external_validation/MRI_MLP_common_neutral/MRI_axisA_common_neutral_mlp/external_predictions__bundle__MLP__A-NR__B-OFF__N-OFF__C-OFF.csv	reference_output	Final MRI external prediction/metric output
<ORIGINAL_PROJECT_ROOT>/study_results/NUEVOS/extvalidation/MRI_MLP_common_neutral/MRI_axisA_common_neutral_mlp/external_predictions__bundle__MLP__A-RS__B-OFF__N-OFF__C-OFF.csv	results/reference_outputs/external_validation/MRI_MLP_common_neutral/MRI_axisA_common_neutral_mlp/external_predictions__bundle__MLP__A-RS__B-OFF__N-OFF__C-OFF.csv	reference_output	Final MRI external prediction/metric output
<ORIGINAL_PROJECT_ROOT>/study_results/NUEVOS/extvalidation/MRI_MLP_common_neutral/MRI_axisA_common_neutral_mlp/external_predictions__bundle__MLP__A-VS__B-OFF__N-OFF__C-OFF.csv	results/reference_outputs/external_validation/MRI_MLP_common_neutral/MRI_axisA_common_neutral_mlp/external_predictions__bundle__MLP__A-VS__B-OFF__N-OFF__C-OFF.csv	reference_output	Final MRI external prediction/metric output
<ORIGINAL_PROJECT_ROOT>/study_results/NUEVOS/extvalidation/MRI_MLP_common_neutral/MRI_axisA_common_neutral_mlp/external_predictions__bundle__XGB__A-FK__B-OFF__N-OFF__C-OFF.csv	results/reference_outputs/external_validation/MRI_MLP_common_neutral/MRI_axisA_common_neutral_mlp/external_predictions__bundle__XGB__A-FK__B-OFF__N-OFF__C-OFF.csv	reference_output	Final MRI external prediction/metric output
<ORIGINAL_PROJECT_ROOT>/study_results/NUEVOS/extvalidation/MRI_MLP_common_neutral/MRI_axisA_common_neutral_mlp/external_predictions__bundle__XGB__A-NR__B-OFF__N-OFF__C-OFF.csv	results/reference_outputs/external_validation/MRI_MLP_common_neutral/MRI_axisA_common_neutral_mlp/external_predictions__bundle__XGB__A-NR__B-OFF__N-OFF__C-OFF.csv	reference_output	Final MRI external prediction/metric output
<ORIGINAL_PROJECT_ROOT>/study_results/NUEVOS/extvalidation/MRI_MLP_common_neutral/MRI_axisA_common_neutral_mlp/external_predictions__bundle__XGB__A-RS__B-OFF__N-OFF__C-OFF.csv	results/reference_outputs/external_validation/MRI_MLP_common_neutral/MRI_axisA_common_neutral_mlp/external_predictions__bundle__XGB__A-RS__B-OFF__N-OFF__C-OFF.csv	reference_output	Final MRI external prediction/metric output
<ORIGINAL_PROJECT_ROOT>/study_results/NUEVOS/extvalidation/MRI_MLP_common_neutral/MRI_axisA_common_neutral_mlp/external_predictions__bundle__XGB__A-VS__B-OFF__N-OFF__C-OFF.csv	results/reference_outputs/external_validation/MRI_MLP_common_neutral/MRI_axisA_common_neutral_mlp/external_predictions__bundle__XGB__A-VS__B-OFF__N-OFF__C-OFF.csv	reference_output	Final MRI external prediction/metric output
<ORIGINAL_PROJECT_ROOT>/study_results/NUEVOS/extvalidation/MRI_MLP_common_neutral/MRI_axisA_common_neutral_mlp/external_metrics__bundle__LR__A-FK__B-OFF__N-OFF__C-OFF.json	results/reference_outputs/external_validation/MRI_MLP_common_neutral/MRI_axisA_common_neutral_mlp/external_metrics__bundle__LR__A-FK__B-OFF__N-OFF__C-OFF.json	reference_output	Final MRI external prediction/metric output
<ORIGINAL_PROJECT_ROOT>/study_results/NUEVOS/extvalidation/MRI_MLP_common_neutral/MRI_axisA_common_neutral_mlp/external_metrics__bundle__LR__A-NR__B-OFF__N-OFF__C-OFF.json	results/reference_outputs/external_validation/MRI_MLP_common_neutral/MRI_axisA_common_neutral_mlp/external_metrics__bundle__LR__A-NR__B-OFF__N-OFF__C-OFF.json	reference_output	Final MRI external prediction/metric output
<ORIGINAL_PROJECT_ROOT>/study_results/NUEVOS/extvalidation/MRI_MLP_common_neutral/MRI_axisA_common_neutral_mlp/external_metrics__bundle__LR__A-RS__B-OFF__N-OFF__C-OFF.json	results/reference_outputs/external_validation/MRI_MLP_common_neutral/MRI_axisA_common_neutral_mlp/external_metrics__bundle__LR__A-RS__B-OFF__N-OFF__C-OFF.json	reference_output	Final MRI external prediction/metric output
<ORIGINAL_PROJECT_ROOT>/study_results/NUEVOS/extvalidation/MRI_MLP_common_neutral/MRI_axisA_common_neutral_mlp/external_metrics__bundle__LR__A-VS__B-OFF__N-OFF__C-OFF.json	results/reference_outputs/external_validation/MRI_MLP_common_neutral/MRI_axisA_common_neutral_mlp/external_metrics__bundle__LR__A-VS__B-OFF__N-OFF__C-OFF.json	reference_output	Final MRI external prediction/metric output
<ORIGINAL_PROJECT_ROOT>/study_results/NUEVOS/extvalidation/MRI_MLP_common_neutral/MRI_axisA_common_neutral_mlp/external_metrics__bundle__MLP__A-FK__B-OFF__N-OFF__C-OFF.json	results/reference_outputs/external_validation/MRI_MLP_common_neutral/MRI_axisA_common_neutral_mlp/external_metrics__bundle__MLP__A-FK__B-OFF__N-OFF__C-OFF.json	reference_output	Final MRI external prediction/metric output
<ORIGINAL_PROJECT_ROOT>/study_results/NUEVOS/extvalidation/MRI_MLP_common_neutral/MRI_axisA_common_neutral_mlp/external_metrics__bundle__MLP__A-NR__B-OFF__N-OFF__C-OFF.json	results/reference_outputs/external_validation/MRI_MLP_common_neutral/MRI_axisA_common_neutral_mlp/external_metrics__bundle__MLP__A-NR__B-OFF__N-OFF__C-OFF.json	reference_output	Final MRI external prediction/metric output
<ORIGINAL_PROJECT_ROOT>/study_results/NUEVOS/extvalidation/MRI_MLP_common_neutral/MRI_axisA_common_neutral_mlp/external_metrics__bundle__MLP__A-RS__B-OFF__N-OFF__C-OFF.json	results/reference_outputs/external_validation/MRI_MLP_common_neutral/MRI_axisA_common_neutral_mlp/external_metrics__bundle__MLP__A-RS__B-OFF__N-OFF__C-OFF.json	reference_output	Final MRI external prediction/metric output
<ORIGINAL_PROJECT_ROOT>/study_results/NUEVOS/extvalidation/MRI_MLP_common_neutral/MRI_axisA_common_neutral_mlp/external_metrics__bundle__MLP__A-VS__B-OFF__N-OFF__C-OFF.json	results/reference_outputs/external_validation/MRI_MLP_common_neutral/MRI_axisA_common_neutral_mlp/external_metrics__bundle__MLP__A-VS__B-OFF__N-OFF__C-OFF.json	reference_output	Final MRI external prediction/metric output
<ORIGINAL_PROJECT_ROOT>/study_results/NUEVOS/extvalidation/MRI_MLP_common_neutral/MRI_axisA_common_neutral_mlp/external_metrics__bundle__XGB__A-FK__B-OFF__N-OFF__C-OFF.json	results/reference_outputs/external_validation/MRI_MLP_common_neutral/MRI_axisA_common_neutral_mlp/external_metrics__bundle__XGB__A-FK__B-OFF__N-OFF__C-OFF.json	reference_output	Final MRI external prediction/metric output
<ORIGINAL_PROJECT_ROOT>/study_results/NUEVOS/extvalidation/MRI_MLP_common_neutral/MRI_axisA_common_neutral_mlp/external_metrics__bundle__XGB__A-NR__B-OFF__N-OFF__C-OFF.json	results/reference_outputs/external_validation/MRI_MLP_common_neutral/MRI_axisA_common_neutral_mlp/external_metrics__bundle__XGB__A-NR__B-OFF__N-OFF__C-OFF.json	reference_output	Final MRI external prediction/metric output
<ORIGINAL_PROJECT_ROOT>/study_results/NUEVOS/extvalidation/MRI_MLP_common_neutral/MRI_axisA_common_neutral_mlp/external_metrics__bundle__XGB__A-RS__B-OFF__N-OFF__C-OFF.json	results/reference_outputs/external_validation/MRI_MLP_common_neutral/MRI_axisA_common_neutral_mlp/external_metrics__bundle__XGB__A-RS__B-OFF__N-OFF__C-OFF.json	reference_output	Final MRI external prediction/metric output
<ORIGINAL_PROJECT_ROOT>/study_results/NUEVOS/extvalidation/MRI_MLP_common_neutral/MRI_axisA_common_neutral_mlp/external_metrics__bundle__XGB__A-VS__B-OFF__N-OFF__C-OFF.json	results/reference_outputs/external_validation/MRI_MLP_common_neutral/MRI_axisA_common_neutral_mlp/external_metrics__bundle__XGB__A-VS__B-OFF__N-OFF__C-OFF.json	reference_output	Final MRI external prediction/metric output
<ORIGINAL_PROJECT_ROOT>/study_results/axisA_bootstrap_auc_ci_NUEVOS_axisA_only/axisA_auc_bootstrap_audit.md	results/reference_outputs/bootstrap/axisA_auc_bootstrap_audit.md	reference_output	Final bootstrap AUC CI/delta reference output
<ORIGINAL_PROJECT_ROOT>/study_results/axisA_bootstrap_auc_ci_NUEVOS_axisA_only/axisA_auc_bootstrap_ci.csv	results/reference_outputs/bootstrap/axisA_auc_bootstrap_ci.csv	reference_output	Final bootstrap AUC CI/delta reference output
<ORIGINAL_PROJECT_ROOT>/study_results/axisA_bootstrap_auc_ci_NUEVOS_axisA_only/axisA_auc_paired_differences.csv	results/reference_outputs/bootstrap/axisA_auc_paired_differences.csv	reference_output	Final bootstrap AUC CI/delta reference output
<ORIGINAL_PROJECT_ROOT>/study_results/axisA_bootstrap_auc_ci_NUEVOS_axisA_only/bootstrap_auc_ci.py	results/reference_outputs/bootstrap/bootstrap_auc_ci.py	reference_output	Final bootstrap AUC CI/delta reference output
<ORIGINAL_PROJECT_ROOT>/study_results/axisA_bootstrap_auc_ci_NUEVOS_axisA_only/paired_auc_manuscript_summary.csv	results/reference_outputs/bootstrap/paired_auc_manuscript_summary.csv	reference_output	Final bootstrap AUC CI/delta reference output
<ORIGINAL_PROJECT_ROOT>/study_results/axisA_bootstrap_auc_ci_NUEVOS_axisA_only/paired_auc_manuscript_summary.md	results/reference_outputs/bootstrap/paired_auc_manuscript_summary.md	reference_output	Final bootstrap AUC CI/delta reference output
<ORIGINAL_PROJECT_ROOT>/study_results/NUEVOS/ENSEMBLE/ensemble_axisA_CT_relaxed/master_arm_summary.csv	results/reference_outputs/feature_selection/ensemble_axisA_CT_relaxed/master_arm_summary.csv	reference_output	Auxiliary recurrence final output/config
<ORIGINAL_PROJECT_ROOT>/study_results/NUEVOS/ENSEMBLE/ensemble_axisA_CT_relaxed/run_config.json	results/reference_outputs/feature_selection/ensemble_axisA_CT_relaxed/run_config.json	reference_output	Auxiliary recurrence final output/config
<ORIGINAL_PROJECT_ROOT>/study_results/NUEVOS/ENSEMBLE/ensemble_axisA_CT_relaxed/rankings_per_arm/arm_ranking_A-FK_B-OFF_N-OFF_C-OFF.csv	results/reference_outputs/feature_selection/ensemble_axisA_CT_relaxed/rankings_per_arm/arm_ranking_A-FK_B-OFF_N-OFF_C-OFF.csv	reference_output	Auxiliary recurrence per-arm ranking
<ORIGINAL_PROJECT_ROOT>/study_results/NUEVOS/ENSEMBLE/ensemble_axisA_CT_relaxed/rankings_per_arm/arm_ranking_A-NR_B-OFF_N-OFF_C-OFF.csv	results/reference_outputs/feature_selection/ensemble_axisA_CT_relaxed/rankings_per_arm/arm_ranking_A-NR_B-OFF_N-OFF_C-OFF.csv	reference_output	Auxiliary recurrence per-arm ranking
<ORIGINAL_PROJECT_ROOT>/study_results/NUEVOS/ENSEMBLE/ensemble_axisA_CT_relaxed/rankings_per_arm/arm_ranking_A-RS_B-OFF_N-OFF_C-OFF.csv	results/reference_outputs/feature_selection/ensemble_axisA_CT_relaxed/rankings_per_arm/arm_ranking_A-RS_B-OFF_N-OFF_C-OFF.csv	reference_output	Auxiliary recurrence per-arm ranking
<ORIGINAL_PROJECT_ROOT>/study_results/NUEVOS/ENSEMBLE/ensemble_axisA_CT_relaxed/rankings_per_arm/arm_ranking_A-VS_B-OFF_N-OFF_C-OFF.csv	results/reference_outputs/feature_selection/ensemble_axisA_CT_relaxed/rankings_per_arm/arm_ranking_A-VS_B-OFF_N-OFF_C-OFF.csv	reference_output	Auxiliary recurrence per-arm ranking
<ORIGINAL_PROJECT_ROOT>/study_results/NUEVOS/ENSEMBLE/ensemble_axisA_CT/master_arm_summary.csv	results/reference_outputs/feature_selection/ensemble_axisA_CT/master_arm_summary.csv	reference_output	Auxiliary recurrence final output/config
<ORIGINAL_PROJECT_ROOT>/study_results/NUEVOS/ENSEMBLE/ensemble_axisA_CT/run_config.json	results/reference_outputs/feature_selection/ensemble_axisA_CT/run_config.json	reference_output	Auxiliary recurrence final output/config
<ORIGINAL_PROJECT_ROOT>/study_results/NUEVOS/ENSEMBLE/ensemble_axisA_CT/rankings_per_arm/arm_ranking_A-FK_B-OFF_N-OFF_C-OFF.csv	results/reference_outputs/feature_selection/ensemble_axisA_CT/rankings_per_arm/arm_ranking_A-FK_B-OFF_N-OFF_C-OFF.csv	reference_output	Auxiliary recurrence per-arm ranking
<ORIGINAL_PROJECT_ROOT>/study_results/NUEVOS/ENSEMBLE/ensemble_axisA_CT/rankings_per_arm/arm_ranking_A-NR_B-OFF_N-OFF_C-OFF.csv	results/reference_outputs/feature_selection/ensemble_axisA_CT/rankings_per_arm/arm_ranking_A-NR_B-OFF_N-OFF_C-OFF.csv	reference_output	Auxiliary recurrence per-arm ranking
<ORIGINAL_PROJECT_ROOT>/study_results/NUEVOS/ENSEMBLE/ensemble_axisA_CT/rankings_per_arm/arm_ranking_A-RS_B-OFF_N-OFF_C-OFF.csv	results/reference_outputs/feature_selection/ensemble_axisA_CT/rankings_per_arm/arm_ranking_A-RS_B-OFF_N-OFF_C-OFF.csv	reference_output	Auxiliary recurrence per-arm ranking
<ORIGINAL_PROJECT_ROOT>/study_results/NUEVOS/ENSEMBLE/ensemble_axisA_CT/rankings_per_arm/arm_ranking_A-VS_B-OFF_N-OFF_C-OFF.csv	results/reference_outputs/feature_selection/ensemble_axisA_CT/rankings_per_arm/arm_ranking_A-VS_B-OFF_N-OFF_C-OFF.csv	reference_output	Auxiliary recurrence per-arm ranking
<ORIGINAL_PROJECT_ROOT>/study_results/NUEVOS/ENSEMBLE/ensemble_MRI_relax/master_arm_summary.csv	results/reference_outputs/feature_selection/ensemble_MRI_relax/master_arm_summary.csv	reference_output	Auxiliary recurrence final output/config
<ORIGINAL_PROJECT_ROOT>/study_results/NUEVOS/ENSEMBLE/ensemble_MRI_relax/run_config.json	results/reference_outputs/feature_selection/ensemble_MRI_relax/run_config.json	reference_output	Auxiliary recurrence final output/config
<ORIGINAL_PROJECT_ROOT>/study_results/NUEVOS/ENSEMBLE/ensemble_MRI_relax/rankings_per_arm/arm_ranking_A-FK_B-OFF_N-OFF_C-OFF.csv	results/reference_outputs/feature_selection/ensemble_MRI_relax/rankings_per_arm/arm_ranking_A-FK_B-OFF_N-OFF_C-OFF.csv	reference_output	Auxiliary recurrence per-arm ranking
<ORIGINAL_PROJECT_ROOT>/study_results/NUEVOS/ENSEMBLE/ensemble_MRI_relax/rankings_per_arm/arm_ranking_A-NR_B-OFF_N-OFF_C-OFF.csv	results/reference_outputs/feature_selection/ensemble_MRI_relax/rankings_per_arm/arm_ranking_A-NR_B-OFF_N-OFF_C-OFF.csv	reference_output	Auxiliary recurrence per-arm ranking
<ORIGINAL_PROJECT_ROOT>/study_results/NUEVOS/ENSEMBLE/ensemble_MRI_relax/rankings_per_arm/arm_ranking_A-RS_B-OFF_N-OFF_C-OFF.csv	results/reference_outputs/feature_selection/ensemble_MRI_relax/rankings_per_arm/arm_ranking_A-RS_B-OFF_N-OFF_C-OFF.csv	reference_output	Auxiliary recurrence per-arm ranking
<ORIGINAL_PROJECT_ROOT>/study_results/NUEVOS/ENSEMBLE/ensemble_MRI_relax/rankings_per_arm/arm_ranking_A-VS_B-OFF_N-OFF_C-OFF.csv	results/reference_outputs/feature_selection/ensemble_MRI_relax/rankings_per_arm/arm_ranking_A-VS_B-OFF_N-OFF_C-OFF.csv	reference_output	Auxiliary recurrence per-arm ranking
<ORIGINAL_PROJECT_ROOT>/study_results/NUEVOS/ENSEMBLE/ensemble_axisA_MRI/master_arm_summary.csv	results/reference_outputs/feature_selection/ensemble_axisA_MRI/master_arm_summary.csv	reference_output	Auxiliary recurrence final output/config
<ORIGINAL_PROJECT_ROOT>/study_results/NUEVOS/ENSEMBLE/ensemble_axisA_MRI/run_config.json	results/reference_outputs/feature_selection/ensemble_axisA_MRI/run_config.json	reference_output	Auxiliary recurrence final output/config
<ORIGINAL_PROJECT_ROOT>/study_results/NUEVOS/ENSEMBLE/ensemble_axisA_MRI/rankings_per_arm/arm_ranking_A-FK_B-OFF_N-OFF_C-OFF.csv	results/reference_outputs/feature_selection/ensemble_axisA_MRI/rankings_per_arm/arm_ranking_A-FK_B-OFF_N-OFF_C-OFF.csv	reference_output	Auxiliary recurrence per-arm ranking
<ORIGINAL_PROJECT_ROOT>/study_results/NUEVOS/ENSEMBLE/ensemble_axisA_MRI/rankings_per_arm/arm_ranking_A-NR_B-OFF_N-OFF_C-OFF.csv	results/reference_outputs/feature_selection/ensemble_axisA_MRI/rankings_per_arm/arm_ranking_A-NR_B-OFF_N-OFF_C-OFF.csv	reference_output	Auxiliary recurrence per-arm ranking
<ORIGINAL_PROJECT_ROOT>/study_results/NUEVOS/ENSEMBLE/ensemble_axisA_MRI/rankings_per_arm/arm_ranking_A-RS_B-OFF_N-OFF_C-OFF.csv	results/reference_outputs/feature_selection/ensemble_axisA_MRI/rankings_per_arm/arm_ranking_A-RS_B-OFF_N-OFF_C-OFF.csv	reference_output	Auxiliary recurrence per-arm ranking
<ORIGINAL_PROJECT_ROOT>/study_results/NUEVOS/ENSEMBLE/ensemble_axisA_MRI/rankings_per_arm/arm_ranking_A-VS_B-OFF_N-OFF_C-OFF.csv	results/reference_outputs/feature_selection/ensemble_axisA_MRI/rankings_per_arm/arm_ranking_A-VS_B-OFF_N-OFF_C-OFF.csv	reference_output	Auxiliary recurrence per-arm ranking
generated	configs/axisA_paper1_config.json	config	Release-local Axis A path map
